"City","Restaurant","Address","Rating out of 5","Review count","Offer","Published schedule (local time)","Offer source","Rating source","Seating and other conditions","Schedule evidence","Database ID"
"San Francisco","Fiorella Clement","2339 Clement Street, San Francisco, 94121","4.9","1323","Happy Hour","Mon, Tue, Thu 17:00–18:00","https://www.opentable.com/restaurant/profile/192343","https://www.opentable.com/restaurant/profile/192343","","published offer prose","176"
"San Francisco","Canela Bistro Bar","2272 Market Street, San Francisco, 94114","4.8","1690","Happy Hour Specials","Sun, Tue, Wed, Thu, Fri, Sat 17:00–18:00","https://www.opentable.com/restaurant/profile/76396","https://www.opentable.com/restaurant/profile/76396","","published offer prose","177"
"San Francisco","Fresca - 24th Street","3945 24th Street, San Francisco, 94114","4.8","694","Happy hour","Mon, Tue, Wed, Thu, Fri 15:00–18:00","https://www.opentable.com/restaurant/profile/10873","https://www.opentable.com/restaurant/profile/10873","","published offer prose","178"
"San Francisco","Ace Wasabi Rock-N-Roll Sushi","3339 Steiner St, San Francisco, 94123","4.8","317","Happy hour","Sun, Mon, Tue, Wed, Thu, Fri, Sat 17:00–18:00","https://www.opentable.com/restaurant/profile/156922","https://www.opentable.com/restaurant/profile/156922","","published offer prose","179"
"San Francisco","Ozumo - San Francisco","161 Steuart Street, San Francisco, 94105","4.7","3448","Happy Hour | daily 4-6 pm","Sun, Mon, Tue, Wed, Thu, Fri, Sat 16:00–18:00","https://www.opentable.com/restaurant/profile/1414","https://www.opentable.com/restaurant/profile/1414","","published offer prose","180"
"San Francisco","Lolinda","2518 Mission Street, San Francisco, 94110","4.7","3242","Happy hour","Sun, Mon, Tue, Wed, Thu, Fri, Sat 17:30–19:00","https://www.opentable.com/restaurant/profile/135919","https://www.opentable.com/restaurant/profile/135919","","published offer prose","181"
"San Francisco","Bella Trattoria","3854 Geary Blvd., San Francisco, 94118","4.7","2632","Happy hour","Sun, Mon, Tue, Wed, Thu, Fri, Sat 16:00–18:00","https://www.opentable.com/restaurant/profile/1342","https://www.opentable.com/restaurant/profile/1342","","labeled happy-hour service hours","182"
"San Francisco","Le Central","453 Bush St., San Francisco, 94108","4.7","2314","Happy hour","Mon, Tue, Wed, Thu, Fri, Sat 16:30–18:00","https://www.opentable.com/restaurant/profile/15403","https://www.opentable.com/restaurant/profile/15403","","labeled happy-hour service hours","183"
"San Francisco","Barcha","28 Fremont Street, San Francisco, 94105","4.7","1728","Happy hour","Mon, Tue, Wed, Thu 15:30–17:30","https://www.opentable.com/restaurant/profile/187489","https://www.opentable.com/restaurant/profile/187489","","labeled happy-hour service hours","184"
"San Francisco","NOVY","4000 24th St, San Francisco, 94114","4.7","863","Happy hour","Sun, Mon, Tue, Wed, Thu, Fri, Sat 15:00–17:00","https://www.opentable.com/restaurant/profile/254083","https://www.opentable.com/restaurant/profile/254083","","labeled happy-hour service hours","185"
"San Francisco","Bon Delire","Pier 3, San Francisco, 94111","4.7","659","Happy hour","Mon, Tue, Wed, Fri 15:00–17:00","https://www.opentable.com/restaurant/profile/1328206","https://www.opentable.com/restaurant/profile/1328206","","labeled happy-hour service hours","186"
"San Francisco","The Brixton","2140 Union Street, San Francisco, 94123","4.7","561","Happy Hour is the Golden Hour","Tue, Wed, Thu, Fri 16:00–18:00; Sun, Sat 15:00–18:00","https://www.opentable.com/restaurant/profile/52858","https://www.opentable.com/restaurant/profile/52858","","labeled happy-hour service hours","187"
"San Francisco","The Vault Steakhouse","555 California StSte E, San Francisco, 94104-1503","4.7","357","Piano Lounge Happy Hour All Night every Friday!","Fri 16:00–21:00","https://www.opentable.com/restaurant/profile/1089058","https://www.opentable.com/restaurant/profile/1089058","","published offer prose","188"
"San Francisco","Altamirano","1775 Fulton St, San Francisco, 94117-1202","4.7","303","Happy hour","Tue, Wed, Thu, Fri 16:00–18:00","https://www.opentable.com/restaurant/profile/1366495","https://www.opentable.com/restaurant/profile/1366495","","labeled happy-hour service hours","189"
"San Francisco","Destapas SF","2708 24th St, San Francisco, 94110-4212","4.7","287","Happy hour","Mon, Tue, Wed, Thu 15:00–17:00","https://www.opentable.com/restaurant/profile/1225576","https://www.opentable.com/restaurant/profile/1225576","","labeled happy-hour service hours","190"
"San Francisco","Roka Akor - San Francisco","801 Montgomery Street, San Francisco, 94133","4.6","2530","Roka Happy Hour","Mon, Tue, Wed, Thu, Fri 16:30–18:00; Sat 17:00–18:30","https://www.opentable.com/restaurant/profile/108919","https://www.opentable.com/restaurant/profile/108919","","multiple published offer windows","191"
"San Francisco","Pabu Izakaya San Francisco","101 California Street, San Francisco, 94111","4.6","1442","Happy hour","Mon, Tue, Wed, Thu, Fri, Sat 16:00–17:30","https://www.opentable.com/restaurant/profile/145846","https://www.opentable.com/restaurant/profile/145846","","labeled happy-hour service hours","192"
"San Francisco","Mochica","1469 18th Street, San Francisco, 94107","4.6","1395","Happy hour","Sun, Tue, Wed, Thu, Fri, Sat 16:00–18:00","https://www.opentable.com/restaurant/profile/25618","https://www.opentable.com/restaurant/profile/25618","","labeled happy-hour service hours","193"
"San Francisco","Per Diem - Financial District","43 Sutter Street, San Francisco, 94104","4.6","1041","Happy Hour at Per Diem","Mon, Tue, Wed, Thu, Fri 15:00–17:00","https://www.opentable.com/restaurant/profile/78232","https://www.opentable.com/restaurant/profile/78232","","published offer prose","194"
"San Francisco","Angler San Francisco","132 The Embarcadero, San Francisco, 94105","4.6","811","Happy hour","Tue, Wed, Thu, Fri, Sat 17:00–18:30","https://www.opentable.com/restaurant/profile/1017313","https://www.opentable.com/restaurant/profile/1017313","","labeled happy-hour service hours","195"
"San Francisco","Popi's Oysterette","2095 Chestnut St, San Francisco, 94123","4.6","157","Popi’s Happy Hour – Sip 🍹, Snack 🍽️, Repeat!","Mon, Tue, Wed, Thu, Fri 15:00–17:00","https://www.opentable.com/restaurant/profile/1280263","https://www.opentable.com/restaurant/profile/1280263","","published offer prose","196"
"San Francisco","Delarosa - Yerba Buena","37 Yerba Buena Ln, 0, San Francisco, 94103-3183","4.6","119","Happy Hour at Delarosa Downtown","Sun, Mon, Tue, Wed, Thu, Fri, Sat 14:00–18:00","https://www.opentable.com/restaurant/profile/253624","https://www.opentable.com/restaurant/profile/253624","","published offer prose","197"
"San Francisco","Hardwood Bar & Smokery","680 8th St, San Francisco, 94103","4.6","114","Hardwood Happy Hour","Mon, Tue, Wed, Thu, Fri, Sat 16:00–19:00","https://www.opentable.com/restaurant/profile/1002775","https://www.opentable.com/restaurant/profile/1002775","","published offer prose","198"
"San Francisco","Andiamo In Banca","301 Linden Ave South, San Francisco, 94080","4.5","598","Andiamo Happy Hour","Sun, Mon, Tue, Wed, Thu, Fri, Sat 16:00–17:00","https://www.opentable.com/restaurant/profile/1035160","https://www.opentable.com/restaurant/profile/1035160","","published offer prose","199"
"San Francisco","B Star","127 Clement St, San Francisco, 94118","4.5","376","Happy hour","Mon, Tue, Wed, Thu, Fri 17:00–18:00","https://www.opentable.com/restaurant/profile/55528","https://www.opentable.com/restaurant/profile/55528","","labeled happy-hour service hours","200"
"San Francisco","little shucker","2016 Fillmore St, San Francisco, 94115-2709","4.5","246","$2 Oyster Happy Hour","Mon, Tue, Wed, Thu 16:00–18:00","https://www.opentable.com/restaurant/profile/1308625","https://www.opentable.com/restaurant/profile/1308625","","published offer prose","201"
"San Francisco","Catch seafood","2362 Market St, San Francisco, 94114","4.5","193","Happy hour","Sun, Fri, Sat 15:00–18:00","https://www.opentable.com/restaurant/profile/1365535","https://www.opentable.com/restaurant/profile/1365535","","published offer prose","202"
"San Francisco","Tacolicious - Mission District","741 Valencia St, San Francisco, 94110","4.5","139","Tacolicious Happy Hour","Mon, Tue, Wed, Thu, Fri 15:00–17:30","https://www.opentable.com/restaurant/profile/1025680","https://www.opentable.com/restaurant/profile/1025680","","published offer prose","203"
"San Francisco","Per Diem - Transit Center","45 Minna St, San Francisco, 94103","4.5","129","Happy Hour at Per Diem Transit Center!!","Mon, Tue, Wed, Thu, Fri 15:00–17:00","https://www.opentable.com/restaurant/profile/1266406","https://www.opentable.com/restaurant/profile/1266406","","published offer prose","204"
"Seattle","Bar Dojo - Edmonds","8404 Bowdoin Way, Edmonds, 98026","4.9","1733","Happy hour","Mon, Tue, Wed, Thu, Fri 16:00–17:00; Sun, Mon, Tue, Wed, Thu 20:00–21:00; Fri, Sat 21:00–22:00; Sun, Sat 15:00–17:00","https://www.opentable.com/restaurant/profile/110116","https://www.opentable.com/restaurant/profile/110116","","labeled happy-hour service hours","205"
"Seattle","Ada's Restaurant & Bar","5910 Phinney Ave N, Seattle, 98103-5834","4.9","629","Happy hour","Sun, Tue, Wed, Thu, Fri, Sat 16:00–18:30","https://www.opentable.com/restaurant/profile/1030408","https://www.opentable.com/restaurant/profile/1030408","","labeled happy-hour service hours","206"
"Seattle","Bottle & Bull","105 S Lake St, Kirkland, 98033","4.9","583","Happy hour","Sun, Mon, Tue, Wed, Thu, Fri, Sat 16:00–17:30","https://www.opentable.com/restaurant/profile/209059","https://www.opentable.com/restaurant/profile/209059","","labeled happy-hour service hours","207"
"Seattle","Artusi (21 and over)","1535 14th Ave, Seattle, 98122","4.9","121","Happy Hour","Tue, Wed, Thu, Fri, Sat 17:00–19:00","https://www.opentable.com/restaurant/profile/112849","https://www.opentable.com/restaurant/profile/112849","","published offer prose","208"
"Seattle","Metropolitan Grill","820 Second Avenue, Seattle, 98104","4.8","5823","Happy hour","Mon, Tue, Wed, Thu, Fri 15:00–17:30","https://www.opentable.com/restaurant/profile/32845","https://www.opentable.com/restaurant/profile/32845","","labeled happy-hour service hours","209"
"Seattle","Barking Frog","14580 NE 145th Street, Woodinville, 98072","4.8","4525","Happy hour","Sun, Mon, Tue, Wed, Thu, Fri, Sat 15:00–17:30","https://www.opentable.com/restaurant/profile/7102","https://www.opentable.com/restaurant/profile/7102","","published offer prose","210"
"Seattle","The Capital Grille - Seattle","1301 4th Ave, Seattle, 98101","4.8","4179","Introducing Capital Hours","Mon, Tue, Wed, Thu, Fri 15:00–18:00","https://www.opentable.com/restaurant/profile/16516","https://www.opentable.com/restaurant/profile/16516","","published offer prose","211"
"Seattle","Barolo","1940 Westlake Avenue, Seattle, 98101","4.8","2911","Happy hour","Sun, Mon, Tue, Wed, Thu, Fri, Sat 15:00–19:00; Sun, Mon, Tue, Wed, Thu, Fri, Sat 21:00–23:00","https://www.opentable.com/restaurant/profile/6904","https://www.opentable.com/restaurant/profile/6904","","labeled happy-hour service hours","212"
"Seattle","Grappa - Seattle","2 W Boston St, Seattle, 98109","4.8","1428","Happy Hour at Grappa","Sun, Mon, Tue, Wed, Thu, Fri, Sat 15:00–17:00","https://www.opentable.com/restaurant/profile/299872","https://www.opentable.com/restaurant/profile/299872","","published offer prose","213"
"Seattle","Duke's Seafood - Green Lake","7850 Green Lake Dr N, Seattle, 98103","4.8","1258","Happy Hour at Duke's Seafood - Green Lake","Sun, Mon, Tue, Wed, Thu, Fri, Sat 15:00–18:00","https://www.opentable.com/restaurant/profile/158533","https://www.opentable.com/restaurant/profile/158533","","published offer prose","214"
"Seattle","Fire & The Feast","526 Main St, Edmonds, 98020-3148","4.8","1171","Happy hour","Mon, Tue, Wed, Thu, Fri 16:00–17:00; Sun, Sat 15:00–17:00","https://www.opentable.com/restaurant/profile/1085074","https://www.opentable.com/restaurant/profile/1085074","","labeled happy-hour service hours","215"
"Seattle","Von's 1000Spirits - Seattle","1225 1st Ave, Seattle, 98101","4.8","303","Happy hour","Sun, Mon, Tue, Wed, Thu, Fri, Sat 14:00–18:00","https://www.opentable.com/restaurant/profile/148747","https://www.opentable.com/restaurant/profile/148747","","labeled happy-hour service hours","216"
"Seattle","Neb","316 Virginia St, Seattle, 98101-1117","4.8","260","Happy hour","Tue, Wed, Thu, Fri, Sat 16:00–18:00","https://www.opentable.com/restaurant/profile/1278643","https://www.opentable.com/restaurant/profile/1278643","","labeled happy-hour service hours","217"
"Seattle","Seastar Restaurant & Raw Bar","205 108th Avenue NE, Bellevue, 98004","4.7","4892","Bellevue's Best Kept Secret - Happy Hour 4pm - 7pm","Sun, Mon, Tue, Wed, Thu, Fri, Sat 16:00–19:00","https://www.opentable.com/restaurant/profile/2623","https://www.opentable.com/restaurant/profile/2623","Available in the bar area only. The special is offered to walk-in guests. Guests must be at least 21.","published offer prose","218"
"Seattle","RockCreek Seafood & Spirits - Seattle","4300 Fremont Avenue North, Seattle, 98103","4.7","2916","Happy hour","Sun, Mon, Tue, Wed, Thu, Fri, Sat 16:00–17:30","https://www.opentable.com/restaurant/profile/151123","https://www.opentable.com/restaurant/profile/151123","","published offer prose","219"
"Seattle","Mamma Melina","5101 25th Ave NE, Seattle, 98105","4.7","2430","Happy hour","Mon 15:00–21:00; Tue, Wed, Thu, Fri, Sat 15:00–18:00; Tue, Wed, Thu 20:00–21:00; Fri, Sat 21:00–22:00; Sun 11:30–21:00","https://www.opentable.com/restaurant/profile/45337","https://www.opentable.com/restaurant/profile/45337","","labeled happy-hour service hours","220"
"Seattle","Volterra Kirkland","121 Kirkland Ave, Kirkland, 98033","4.7","1854","Happy hour","Sun, Mon, Tue, Wed, Thu, Fri, Sat 16:00–18:00","https://www.opentable.com/restaurant/profile/94396","https://www.opentable.com/restaurant/profile/94396","","labeled happy-hour service hours","221"
"Seattle","Duke's Seafood - Bellevue","500 Bellevue Way NE, Suite 212, Bellevue, 98004","4.7","1775","Happy Hour at Duke's Seafood - Bellevue","Sun, Mon, Tue, Wed, Thu, Fri, Sat 15:00–18:00","https://www.opentable.com/restaurant/profile/731956","https://www.opentable.com/restaurant/profile/731956","","published offer prose","222"
"Seattle","2120","2120 6th Ave, Seattle, 98121","4.7","1639","Happy hour","Mon, Tue, Wed, Thu 16:00–17:00","https://www.opentable.com/restaurant/profile/348751","https://www.opentable.com/restaurant/profile/348751","","published offer prose","223"
"Seattle","Earls Kitchen + Bar - Bellevue","700 Bellevue Way NE, Ste 130, Bellevue, 98004","4.7","1608","Happy hour","Sun, Mon, Tue, Wed, Thu, Fri, Sat 15:00–18:00; Sun, Mon, Tue, Wed, Thu 21:00–00:00; Fri, Sat 21:00–01:00","https://www.opentable.com/restaurant/profile/268789","https://www.opentable.com/restaurant/profile/268789","","labeled happy-hour service hours","224"
"Seattle","Charlotte Restaurant & Lounge","809 5th Ave, Seattle, 98104-1663","4.7","842","Happy hour","Mon, Tue, Wed, Thu, Fri 14:00–18:00","https://www.opentable.com/restaurant/profile/1090921","https://www.opentable.com/restaurant/profile/1090921","","labeled happy-hour service hours","225"
"Seattle","Marjorie Restaurant","2301 E Union St, Suite P, Seattle, 98122","4.7","792","Happy Hour (Tues - Fri 5 - 6 pm in the BAR ONLY)","Tue, Wed, Thu, Fri 17:00–18:00","https://www.opentable.com/restaurant/profile/83131","https://www.opentable.com/restaurant/profile/83131","Available in the bar area only.","published offer prose","226"
"Seattle","Enzo's Bistro and Bar Issaquah","120 NW Gilman Blvd, Issaquah, 98027","4.7","779","Happy hour","Sun, Mon, Tue, Wed, Thu, Fri, Sat 15:00–18:00","https://www.opentable.com/restaurant/profile/1075177","https://www.opentable.com/restaurant/profile/1075177","","labeled happy-hour service hours","227"
"Seattle","La Mar Cocina Peruana Bellevue","10508 Main Street, Bellevue, 98004-5911","4.7","677","Happy hour","Mon, Tue, Wed, Thu, Fri 15:30–18:00; Sat 15:00–17:00","https://www.opentable.com/restaurant/profile/1366555","https://www.opentable.com/restaurant/profile/1366555","","labeled happy-hour service hours","228"
"Seattle","JOEY University Village","2603 NE 46th St, Seattle, 98105-5041","4.7","519","Happy hour","Sun, Mon, Tue, Wed, Thu, Fri, Sat 15:00–18:00; Sun, Mon, Tue, Wed, Thu 21:00–00:00","https://www.opentable.com/restaurant/profile/1392670","https://www.opentable.com/restaurant/profile/1392670","","labeled happy-hour service hours","229"
"Seattle","JOEY Southcenter","758 Southcenter Mall, Tukwila, 98188","4.7","433","Happy hour","Sun, Mon, Tue, Wed, Thu, Fri, Sat 15:00–18:00; Sun, Mon, Tue, Wed, Thu 21:00–00:00","https://www.opentable.com/restaurant/profile/39784","https://www.opentable.com/restaurant/profile/39784","","labeled happy-hour service hours","230"
"Seattle","Sharps RoastHouse","18427 International Blvd, SeaTac, 98188","4.7","380","Happy hour","Sun, Mon, Tue, Wed, Thu, Fri, Sat 14:00–18:00","https://www.opentable.com/restaurant/profile/148750","https://www.opentable.com/restaurant/profile/148750","","labeled happy-hour service hours","231"
"Seattle","Half Shell","2020 Western Ave, Seattle, 98121-2109","4.7","279","Happy hour","Sun, Mon, Tue, Wed, Thu, Fri, Sat 15:00–18:00","https://www.opentable.com/restaurant/profile/1362886","https://www.opentable.com/restaurant/profile/1362886","","labeled happy-hour service hours","232"
"Seattle","The Hart and the Hunter - Seattle","111 Pine St, Seattle, 98101-1511","4.7","274","Happy Hour!","Tue, Wed, Thu, Fri, Sat 15:00–18:00","https://www.opentable.com/restaurant/profile/1028551","https://www.opentable.com/restaurant/profile/1028551","","published offer prose","233"
"Seattle","Von's 1000 Spirits - Kirkland","115 Park Ln, Kirkland, 98033-6114","4.7","121","Happy hour","Sun, Mon, Tue, Wed, Thu, Fri, Sat 14:00–18:00","https://www.opentable.com/restaurant/profile/1493272","https://www.opentable.com/restaurant/profile/1493272","","published offer prose","234"
"Seattle","Salty's on Alki Beach","1936 Harbor Ave. SW, Seattle, 98126","4.6","9854","Happy hour","Tue, Wed, Thu, Fri 15:00–17:30","https://www.opentable.com/restaurant/profile/358","https://www.opentable.com/restaurant/profile/358","","labeled happy-hour service hours","235"
"Seattle","Toulouse Petit Kitchen & Lounge","601 Queen Anne Avenue N., Seattle, 98109","4.6","5159","$17.50 Breakfast Happy Hour","Mon, Tue, Wed, Thu, Fri 10:00–12:00","https://www.opentable.com/restaurant/profile/46096","https://www.opentable.com/restaurant/profile/46096","","published offer prose","236"
"Seattle","John Howie Steak","11111 NE 8th Street, Suite 125, Bellevue, 98004","4.6","4226","Happy hour","Sun, Mon, Tue, Wed, Thu, Fri, Sat 16:00–18:00","https://www.opentable.com/restaurant/profile/34339","https://www.opentable.com/restaurant/profile/34339","","labeled happy-hour service hours","237"
"Seattle","Duke's Seafood - Lake Union","1111 Fairview Avenue N, Seattle, 98109","4.6","2430","Happy Hour at Duke's Seafood - Lake Union","Sun, Mon, Tue, Wed, Thu, Fri, Sat 15:00–18:00","https://www.opentable.com/restaurant/profile/158545","https://www.opentable.com/restaurant/profile/158545","","published offer prose","238"
"Seattle","Osteria La Spiga","1429 12th Ave., Suite A, Seattle, 98122","4.6","2045","Happy hour","Tue, Wed, Thu, Fri, Sat 17:00–18:30","https://www.opentable.com/restaurant/profile/75094","https://www.opentable.com/restaurant/profile/75094","","published offer prose","239"
"Seattle","FlintCreek Cattle Co.","8421 Greenwood Ave N, Seattle, 98103","4.6","2007","Happy hour","Sun, Mon, Tue, Wed, Thu, Fri, Sat 16:00–17:30","https://www.opentable.com/restaurant/profile/255640","https://www.opentable.com/restaurant/profile/255640","","labeled happy-hour service hours","240"
"Seattle","Sparrow - Kirkland","9736 NE 120th Pl, Kirkland, 98034","4.6","985","Happy Hour at Sparrow","Sun, Mon, Tue, Wed, Thu, Fri, Sat 15:00–17:00","https://www.opentable.com/restaurant/profile/1248058","https://www.opentable.com/restaurant/profile/1248058","","published offer prose","241"
"Seattle","The Well & Table","317 NW Gilman Blvd 43, Issaquah, 98027","4.6","898","Happy hour","Mon 11:30–20:00; Sun, Tue, Wed, Thu, Fri, Sat 15:00–18:00","https://www.opentable.com/restaurant/profile/1185730","https://www.opentable.com/restaurant/profile/1185730","","labeled happy-hour service hours","242"
"Seattle","Beardslee Public House","19116 Beardslee Blvd Suite #201, Bothell, 98011","4.6","651","Beardslee Public House Happy Hour","Sun, Mon, Tue, Wed, Thu, Fri, Sat 15:00–18:00","https://www.opentable.com/restaurant/profile/147850","https://www.opentable.com/restaurant/profile/147850","","published offer prose","243"
"Seattle","JOEY Bellevue","800 Bellevue Way NE, Bellevue, 98004","4.6","459","Happy hour","Sun, Mon, Tue, Wed, Thu, Fri, Sat 15:00–18:00; Sun, Mon, Tue, Wed, Thu 21:00–00:00","https://www.opentable.com/restaurant/profile/39757","https://www.opentable.com/restaurant/profile/39757","","labeled happy-hour service hours","244"
"Seattle","The Shed - Woodinville","14800 NE 144th St, Woodinville, 98072","4.6","328","Happy hour","Mon, Tue, Wed, Thu, Fri 15:00–17:00","https://www.opentable.com/restaurant/profile/1459600","https://www.opentable.com/restaurant/profile/1459600","","labeled happy-hour service hours","245"
"Seattle","Sugo Hand Roll Bar","2001 Western Ave #110, Seattle, 98121","4.6","172","Happy hour","Mon, Tue, Wed, Thu, Fri 14:00–17:00","https://www.opentable.com/restaurant/profile/1223179","https://www.opentable.com/restaurant/profile/1223179","","labeled happy-hour service hours","246"
"Seattle","Koko's - Seattle","1201 10th Ave, Seattle, 98122-4209","4.6","151","Happy Hour!","Mon, Tue, Wed, Thu, Fri 15:00–18:00","https://www.opentable.com/restaurant/profile/1389085","https://www.opentable.com/restaurant/profile/1389085","","published offer prose","247"
"Seattle","Crawlspace Gastropub","3041 78th Ave SE, Mercer Island, 98040-2822","4.6","141","Happy Hour","Mon, Tue, Wed, Thu, Fri 15:00–18:00","https://www.opentable.com/restaurant/profile/1406254","https://www.opentable.com/restaurant/profile/1406254","","labeled happy-hour service hours","248"
"Seattle","Le Coin","4201 Fremont Ave N, Seattle, 98103-7221","4.6","123","Daily Happy Hour!","Sun, Mon, Tue, Wed, Thu, Fri, Sat 16:00–18:00","https://www.opentable.com/restaurant/profile/1190785","https://www.opentable.com/restaurant/profile/1190785","","published offer prose","249"
"Seattle","Firn","100 S King St, Seattle, 98104-3844","4.6","117","Happy hour","Mon, Tue, Wed, Thu, Fri 15:00–16:00","https://www.opentable.com/restaurant/profile/1422013","https://www.opentable.com/restaurant/profile/1422013","","labeled happy-hour service hours","250"
"Seattle","IL BISTRO","93A Pike Street, Seattle, 98101","4.5","2304","Happy hour","Sun, Mon, Thu 22:00–00:00; Fri, Sat 22:30–00:30","https://www.opentable.com/restaurant/profile/7727","https://www.opentable.com/restaurant/profile/7727","","labeled happy-hour service hours","251"
"Seattle","Goldfinch Tavern at Four Seasons Hotel Seattle","99 Union Street, Seattle, 98101","4.5","1959","Happy hour","Mon, Tue, Wed, Thu, Fri, Sat 15:00–17:00; Sun 14:00–17:00","https://www.opentable.com/restaurant/profile/25606","https://www.opentable.com/restaurant/profile/25606","","labeled happy-hour service hours","252"
"Seattle","Heritage Restaurant | Bar","14450 Woodinville Redmond Rd NE, Woodinville, 98072","4.5","1571","Happy hour","Sun, Tue, Wed, Thu, Fri, Sat 14:30–17:00","https://www.opentable.com/restaurant/profile/1002610","https://www.opentable.com/restaurant/profile/1002610","","labeled happy-hour service hours","253"
"San Jose","Burma Love Menlo Park","1300 El Camino Real, Suite E, Menlo Park, 94025-4211","4.8","282","Happy hour","Mon, Tue, Wed, Thu, Fri 15:00–17:00","https://www.opentable.com/restaurant/profile/1228945","https://www.opentable.com/restaurant/profile/1228945","","labeled happy-hour service hours","254"
"San Jose","Estrellita Mexican Bistro & Cantina","971 N. San Antonio Road, Los Altos, 94022","4.8","223","Happy Hour Specials !!!","Fri, Sat, Sun, Tue, Wed, Thu 16:00–18:00","https://www.opentable.com/restaurant/profile/107008","https://www.opentable.com/restaurant/profile/107008","","published offer prose","255"
"San Jose","Cascal","400 Castro St., Mountain View, 94041","4.7","4421","Happy hour","Sun, Tue, Wed, Thu, Fri, Sat 15:30–18:00","https://www.opentable.com/restaurant/profile/2819","https://www.opentable.com/restaurant/profile/2819","","published offer prose","256"
"San Jose","Cafe Cruz Rosticceria & Bar","2621 41st Ave, Soquel, 95073-2136","4.7","2302","Happy-hour drinks","Mon–Sat 14:45–18:00","https://cafecruz.com/","https://www.opentable.com/restaurant/profile/273874","","verified operator website","257"
"San Jose","Gyu-Kaku Japanese BBQ - Cupertino, CA | The Marketplace","19620 Stevens Creek Blvd, Suite 150, Cupertino, 95014","4.7","924","Happy hour","Sun, Fri, Sat 11:30–18:00; Tue, Wed, Thu 17:00–18:00; Mon 17:00–21:15; Sun, Tue, Wed, Thu 21:00–21:15; Fri, Sat 21:00–21:45","https://www.opentable.com/restaurant/profile/71017","https://www.opentable.com/restaurant/profile/71017","","labeled happy-hour service hours","258"
"San Jose","Oasis Restaurant & Wine Lounge","780 Main Street, Pleasanton, 94566","4.7","737","Happy hour","Sun, Mon, Tue, Wed, Thu, Fri, Sat 14:00–17:00","https://www.opentable.com/restaurant/profile/30301","https://www.opentable.com/restaurant/profile/30301","","labeled happy-hour service hours","259"
"San Jose","Menlo Tavern","100 El Camino Real, Menlo Park, 94025","4.7","610","Happy hour","Sun, Mon, Tue, Wed, Thu, Fri, Sat 15:00–17:00","https://www.opentable.com/restaurant/profile/333","https://www.opentable.com/restaurant/profile/333","","published offer prose","260"
"San Jose","Cafe Vivant","720 Santa Cruz Ave, Menlo Park, 94025-4514","4.7","190","Café Vivant Happy Hour 4:30pm - 6pm","Tue, Wed, Thu, Fri 16:30–18:00","https://www.opentable.com/restaurant/profile/1374193","https://www.opentable.com/restaurant/profile/1374193","","published offer prose","261"
"San Jose","Birk's","3955 Freedom Circle, Santa Clara, 95054","4.6","3673","Happy hour","Mon, Tue, Wed, Thu, Fri 15:30–18:00; Sat 17:00–19:00","https://www.opentable.com/restaurant/profile/147","https://www.opentable.com/restaurant/profile/147","","labeled happy-hour service hours","262"
"San Jose","Reposado Restaurant","236 Hamilton Avenue, Palo Alto, 94301","4.6","2848","Happy hour","Mon, Tue, Wed, Thu, Fri 16:00–18:00","https://www.opentable.com/restaurant/profile/28948","https://www.opentable.com/restaurant/profile/28948","","labeled happy-hour service hours","263"
"San Jose","JOEY Valley Fair","2855 Stevens Creek Blvd suite 1840, Santa Clara, 95050","4.6","1567","Happy hour","Mon, Tue, Wed, Thu 15:00–18:00","https://www.opentable.com/restaurant/profile/1417741","https://www.opentable.com/restaurant/profile/1417741","","labeled happy-hour service hours","264"
"San Jose","INDO Restaurant & Lounge","3295 El Camino Real, Palo Alto, 94306","4.6","1163","Happy Hour!","Mon, Tue, Wed, Thu, Fri 17:00–19:00","https://www.opentable.com/restaurant/profile/24","https://www.opentable.com/restaurant/profile/24","","published offer prose","265"
"San Jose","Orchard City Kitchen","1875 S Bascom Ave, Ste. 190, Campbell, 95008","4.6","868","Happy hour","Sun, Mon, Tue, Wed, Thu, Fri, Sat 16:00–17:30","https://www.opentable.com/restaurant/profile/252352","https://www.opentable.com/restaurant/profile/252352","","labeled happy-hour service hours","266"
"San Jose","Rubys & Roses Restaurant","855 Main St, Pleasanton, 94566-6668","4.6","367","Happy Hour at Ruby & Roses","Tue, Wed, Thu 14:00–17:00","https://www.opentable.com/restaurant/profile/1282075","https://www.opentable.com/restaurant/profile/1282075","","published offer prose","267"
"San Jose","Gyu-Kaku Japanese BBQ - San Jose, CA | Downtown SJ","28 N Almaden Ave 70, San Jose, 95110-2425","4.6","205","Happy hour","Sun, Mon, Tue, Wed, Thu, Fri, Sat 11:30–18:00","https://www.opentable.com/restaurant/profile/1223275","https://www.opentable.com/restaurant/profile/1223275","","labeled happy-hour service hours","268"
"San Jose","San Agus Cocina Urbana & Cocktails","115 Hamilton Ave, Palo Alto, 94301-1617","4.6","141","Tacos, Tequila & Happy Hour at San Agus 🌮🍹","Mon, Tue, Wed, Thu, Fri 15:00–17:00","https://www.opentable.com/restaurant/profile/1144831","https://www.opentable.com/restaurant/profile/1144831","","published offer prose","269"
"San Jose","P.F. Chang's - Sunnyvale","390 W El Camino Real, Sunnyvale, 94087","4.6","133","NEW Happy Hour starting at $6","Mon, Tue, Wed, Thu, Fri 15:00–18:00","https://www.opentable.com/restaurant/profile/331984","https://www.opentable.com/restaurant/profile/331984","","published offer prose","270"
"San Jose","La Fondue - Saratoga","14550 Big Basin Way, Saratoga, 95070-6014","4.5","4667","🍾Large Group Fondue Celebration | 4-Course Exp.","Mon, Tue, Wed, Thu, Fri 17:00–18:00; Sat 16:00–17:00","https://www.opentable.com/restaurant/profile/19597","https://www.opentable.com/restaurant/profile/19597","Guests must be at least 21.","multiple published offer windows","271"
"San Jose","Puesto Santa Clara","2752 Augustine Drive, Santa Clara, 95054","4.5","1632","Happy Hour","Sat, Fri, Sun, Mon, Thu, Tue, Wed 15:00–17:00","https://www.eatpuesto.com/location/santa-clara/","https://www.opentable.com/restaurant/profile/1002787","Dine-in guests only.","verified operator website","272"
"San Jose","La Viga Seafood","1772 Broadway St, Redwood City, 94063","4.5","447","Hora Feliz / Happy Hour at La Viga","Mon, Tue, Wed, Thu 16:30–18:00; Fri 15:00–17:00","https://www.opentable.com/restaurant/profile/252088","https://www.opentable.com/restaurant/profile/252088","","multiple published offer windows","273"
"San Jose","Johnny's Harborside","493 Lake Avenue, Santa Cruz, 95062","4.5","427","Happy hour","Sun, Tue, Wed, Thu, Fri, Sat 15:00–17:00","https://www.opentable.com/restaurant/profile/50125","https://www.opentable.com/restaurant/profile/50125","","labeled happy-hour service hours","274"
"Phoenix","Arrowhead Grill","8280 West Union Hills Road, Suite 110, Glendale, 85308","4.9","10032","Daily Happy Hour","Sun, Mon, Tue, Wed, Thu, Fri, Sat 15:00–18:00","https://www.opentable.com/restaurant/profile/23026","https://www.opentable.com/restaurant/profile/23026","Available in the bar seating specified by the restaurant.","published offer prose","275"
"Phoenix","The Capital Grille - Scottsdale","16489 N Scottsdale Rd, Scottsdale, 85254","4.9","5135","Introducing Capital Hours","Mon, Tue, Wed, Thu, Fri 15:00–18:00","https://www.opentable.com/restaurant/profile/4996","https://www.opentable.com/restaurant/profile/4996","","published offer prose","276"
"Phoenix","Phoenix City Grille","5816 N. 16th Street, Phoenix, 85016","4.9","2730","Happy hour","Sun, Mon, Tue, Wed, Thu, Fri, Sat 15:00–18:00","https://www.opentable.com/restaurant/profile/42892","https://www.opentable.com/restaurant/profile/42892","","labeled happy-hour service hours","277"
"Phoenix","Volanti Restaurant & Lounge","15000 N Airport Dr, Scottsdale, 85260","4.9","1712","Happy hour","Tue, Wed, Thu, Fri 15:00–18:00","https://www.opentable.com/restaurant/profile/1027096","https://www.opentable.com/restaurant/profile/1027096","","labeled happy-hour service hours","278"
"Phoenix","The Phoenician Tavern - The Phoenician","6000 E. Camelback Rd, Scottsdale, 85251","4.9","426","Daily Happy Hour on the Green","Sun, Mon, Tue, Wed, Thu, Fri, Sat 15:00–18:00","https://www.opentable.com/restaurant/profile/1024498","https://www.opentable.com/restaurant/profile/1024498","","published offer prose","279"
"Phoenix","Vecina - Arcadia","3433 N 56th St, Phoenix, 85018","4.9","123","Happy hour","Tue, Wed, Thu, Fri, Sat 16:00–18:00","https://www.opentable.com/restaurant/profile/1381612","https://www.opentable.com/restaurant/profile/1381612","","labeled happy-hour service hours","280"
"Phoenix","The Greene House - Kierland Commons","15024 N. Scottsdale Road, Suite 100, Scottsdale, 85254","4.8","5530","Happy hour","Mon, Tue, Wed, Thu, Fri 15:00–18:00","https://www.opentable.com/restaurant/profile/5643","https://www.opentable.com/restaurant/profile/5643","","labeled happy-hour service hours","281"
"Phoenix","Tonto Bar & Grill (Lunch reservations not required, excluding holidays)","5736 E. Rancho Mañana Blvd., Cave Creek, 85331","4.8","4903","Happy hour","Sun, Mon, Tue, Wed, Thu, Fri, Sat 14:30–17:30","https://www.opentable.com/restaurant/profile/150568","https://www.opentable.com/restaurant/profile/150568","","labeled happy-hour service hours","282"
"Phoenix","Grassroots Kitchen & Tap Scottsdale","8120 N. Hayden Ste. E-100, Scottsdale, 85258","4.8","4002","Happy hour","Sun, Mon, Tue, Wed, Thu, Fri, Sat 15:00–18:00","https://www.opentable.com/restaurant/profile/186676","https://www.opentable.com/restaurant/profile/186676","","labeled happy-hour service hours","283"
"Phoenix","The Capital Grille - Phoenix","2502 E Camelback Rd, Phoenix, 85016","4.8","3474","Introducing Capital Hours","Mon, Tue, Wed, Thu, Fri 15:00–18:00","https://www.opentable.com/restaurant/profile/2358","https://www.opentable.com/restaurant/profile/2358","","published offer prose","284"
"Phoenix","The Americano","17797 N Scottsdale Rd, Scottsdale, 85255","4.8","3221","The Americano Happy Hour","Sun, Mon, Tue, Wed, Thu, Fri, Sat 16:00–18:00","https://www.opentable.com/restaurant/profile/1051936","https://www.opentable.com/restaurant/profile/1051936","Available for dine-in guests only.","published offer prose","285"
"Phoenix","High Tide - Gilbert","2540 S Val Vista Dr, Gilbert, 85295","4.8","2769","Happy hour","Sun, Tue, Wed, Thu, Fri, Sat 15:00–18:00","https://www.opentable.com/restaurant/profile/1179247","https://www.opentable.com/restaurant/profile/1179247","","labeled happy-hour service hours","286"
"Phoenix","Thompson 105 Woodfired Grill + Cocktails","10401 E McDowell Mountain Ranch Rd 160, Scottsdale, 85255","4.8","2051","Happy Hour","Mon, Tue, Wed, Thu, Fri 15:00–18:00","https://www.opentable.com/restaurant/profile/1205902","https://www.opentable.com/restaurant/profile/1205902","","published offer prose","287"
"Phoenix","Bluewater Grill - Phoenix","1525 E Bethany Home Rd, Phoenix, 85014","4.8","1579","Happy hour","Mon, Tue, Wed, Thu, Fri 15:00–18:00; Sun, Sat 12:00–17:00","https://www.opentable.com/restaurant/profile/55567","https://www.opentable.com/restaurant/profile/55567","","labeled happy-hour service hours","288"
"Phoenix","Elliott's Steakhouse","81 W Boston St, Chandler, 85225-7801","4.8","1227","Happy hour","Sun, Mon, Tue, Wed, Thu, Fri, Sat 15:00–17:00","https://www.opentable.com/restaurant/profile/1286521","https://www.opentable.com/restaurant/profile/1286521","Available in the bar area only.","published offer prose","289"
"Phoenix","Cuisine & Wine Bistro - Chandler","4991 S Alma School Rd, Chandler, 85248","4.8","1024","Nothing better than a French Happy Hour!","Tue, Wed, Thu, Fri, Sat 16:00–18:00","https://www.opentable.com/restaurant/profile/343747","https://www.opentable.com/restaurant/profile/343747","Available on the patio only. Available in the bar or patio seating described in the offer.","published offer prose","290"
"Phoenix","Belmont Kitchen & Cocktails","8876 E Pinnacle Peak Rd ste 100, Scottsdale, 85255","4.8","984","Summer Happy Hour Everyday 3p-6p","Sun, Mon, Tue, Wed, Thu, Fri, Sat 15:00–18:00","https://www.opentable.com/restaurant/profile/1396528","https://www.opentable.com/restaurant/profile/1396528","The special is offered to walk-in guests.","published offer prose","291"
"Phoenix","Ofrenda","7100 E. Cave Creek Rd Ste 151, Cave Creek, 85331","4.8","795","Happy hour","Mon, Tue, Wed, Thu 14:00–18:00; Fri, Sat 14:00–17:00; Sun 11:00–19:00","https://www.opentable.com/restaurant/profile/149644","https://www.opentable.com/restaurant/profile/149644","","labeled happy-hour service hours","292"
"Phoenix","EVO - North Scottsdale","15507 N Scottsdale Rd, Scottsdale, 85254","4.8","626","Happy hour","Sun, Mon, Tue, Wed, Thu, Fri, Sat 16:00–18:00","https://www.opentable.com/restaurant/profile/1311685","https://www.opentable.com/restaurant/profile/1311685","","published offer prose","293"
"Phoenix","Blanco Cocina + Cantina – Peoria","8191 W Paradise Ln, Peoria, 85382","4.8","594","NEW Daily Happy Hour","Mon, Tue, Wed, Thu, Fri 15:00–18:00","https://www.opentable.com/restaurant/profile/1387300","https://www.opentable.com/restaurant/profile/1387300","Available in the bar seating specified by the restaurant.","published offer prose","294"
"Phoenix","Troon North Dynamite Grille","10320 E Dynamite Blvd, Scottsdale, 85262","4.8","475","Happy hour","Sun, Mon, Tue, Wed, Thu, Fri, Sat 16:00–18:00","https://www.opentable.com/restaurant/profile/196891","https://www.opentable.com/restaurant/profile/196891","","labeled happy-hour service hours","295"
"Phoenix","Marino's Italian Kitchen and Bar","21001 N Tatum Blvd, Unit 40-1365, Phoenix, 85054","4.8","391","Happy Hour","Mon, Tue, Wed, Thu, Fri 15:00–17:30","https://www.opentable.com/restaurant/profile/1331152","https://www.opentable.com/restaurant/profile/1331152","","published offer prose","296"
"Phoenix","Carbòn Mexican Eatery","7704 E Doubletree Ranch Rd, Phoenix, 85258","4.8","213","Happy hour","Sun, Mon, Tue, Wed, Thu, Fri, Sat 16:00–18:00","https://www.opentable.com/restaurant/profile/1343458","https://www.opentable.com/restaurant/profile/1343458","","labeled happy-hour service hours","297"
"Phoenix","Cocina Chiwas - Tempe","2001 E Apache Blvd, Tempe, 85281-4821","4.8","192","Siesta! Happy Hour","Mon 17:00–21:00; Fri, Sat 17:00–18:00","https://www.opentable.com/restaurant/profile/1360804","https://www.opentable.com/restaurant/profile/1360804","","multiple published offer windows","298"
"Phoenix","P.F. Chang's - Goodyear","14681 W McDowell Rd., Goodyear, 85395","4.8","191","NEW Happy Hour starting at $6","Mon, Tue, Wed, Thu, Fri 15:00–18:00","https://www.opentable.com/restaurant/profile/301729","https://www.opentable.com/restaurant/profile/301729","","published offer prose","299"
"Phoenix","Wayward","7217 E 4th Ave, Scottsdale, 85251-3634","4.8","141","Happy Hour","Tue, Wed, Thu 16:00–18:00","https://www.opentable.com/restaurant/profile/1415314","https://www.opentable.com/restaurant/profile/1415314","","published offer prose","300"
"Phoenix","Il Segreto","8900 E Pinnacle Peak Rd D1, Scottsdale, 85255","4.8","108","Happy hour","Tue, Wed, Thu, Fri, Sat 16:00–18:00","https://www.opentable.com/restaurant/profile/1538767","https://www.opentable.com/restaurant/profile/1538767","","labeled happy-hour service hours","301"
"Phoenix","White Chocolate Grill - Scottsdale","7000 E Mayo Blvd, Phoenix, 85054","4.7","9003","Happy Hour Starting at 2pm Daily!","Mon, Tue, Wed, Thu, Fri 14:00–17:30; Sun, Sat 14:00–17:00","https://www.opentable.com/restaurant/profile/28867","https://www.opentable.com/restaurant/profile/28867","Available in the bar area only. Tables are limited to two hours.","multiple published offer windows","302"
"Phoenix","Olive & Ivy Restaurant & Marketplace","7135 E. Camelback Road, Suite 195, Scottsdale, 85251","4.7","8503","Happy hour","Mon, Tue, Wed, Thu, Fri 15:00–18:00","https://www.opentable.com/restaurant/profile/7407","https://www.opentable.com/restaurant/profile/7407","","labeled happy-hour service hours","303"
"Phoenix","Cooper's Hawk Winery & Restaurant - Scottsdale, AZ","7361 E Frank Lloyd Wright Blvd, Scottsdale, 85260","4.7","6579","Wine ‘O’ Clock Happy Hour | Mon-Fri 3 - 5:30 pm","Mon, Tue, Wed, Thu, Fri 15:00–17:30","https://www.opentable.com/restaurant/profile/1121059","https://www.opentable.com/restaurant/profile/1121059","","published offer prose","304"
"Phoenix","Roaring Fork - Scottsdale","4800 N. Scottsdale Road, Scottsdale, 85251","4.7","6217","Happy hour","Sun, Mon, Tue, Wed, Thu, Fri, Sat 16:00–18:00","https://www.opentable.com/restaurant/profile/5545","https://www.opentable.com/restaurant/profile/5545","","labeled happy-hour service hours","305"
"Phoenix","Cooper's Hawk Winery & Restaurant - Surprise, AZ","16470 W Alexandria Way, Surprise, 85388","4.7","5995","Wine ‘O’ Clock Happy Hour | Mon-Fri 3 - 5:30 pm","Mon, Tue, Wed, Thu, Fri 15:00–17:30","https://www.opentable.com/restaurant/profile/1279711","https://www.opentable.com/restaurant/profile/1279711","","published offer prose","306"
"Phoenix","North Italia – Kierland Commons","15024 N. Scottsdale Rd, Suite 160, Scottsdale, 85254","4.7","5476","Happy hour","Mon, Tue, Wed, Thu, Fri 15:00–18:00","https://www.opentable.com/restaurant/profile/5644","https://www.opentable.com/restaurant/profile/5644","","labeled happy-hour service hours","307"
"Phoenix","Tommy Bahama Restaurant & Bar - Scottsdale","15205 N Kierland Blvd, Ste 100, Scottsdale, 85254","4.7","5373","Island Time Happy Hour","Sun, Mon, Tue, Wed, Thu, Fri, Sat 14:00–17:00","https://www.opentable.com/restaurant/profile/6562","https://www.opentable.com/restaurant/profile/6562","Available in the bar area only.","published offer prose","308"
"Phoenix","The Arrogant Butcher","2 E. Jefferson Street, Phoenix, 85018","4.7","5360","Happy hour","Mon, Tue, Wed, Thu, Fri 14:00–17:00","https://www.opentable.com/restaurant/profile/58057","https://www.opentable.com/restaurant/profile/58057","","labeled happy-hour service hours","309"
"Phoenix","Roka Akor - Scottsdale","7299 N. Scottsdale Rd., Scottsdale, 85253","4.7","4390","Martini & Bubbles Happy Hour","Sun, Mon, Tue, Wed, Thu, Fri, Sat 16:00–18:00","https://www.opentable.com/restaurant/profile/19426","https://www.opentable.com/restaurant/profile/19426","","published offer prose","310"
"Phoenix","Cooper's Hawk Winery & Restaurant - Chandler, AZ","3325 W Chandler Blvd, Chandler, 85226","4.7","4138","Wine ‘O’ Clock Happy Hour | Mon-Fri 3 - 5:30 pm","Mon, Tue, Wed, Thu, Fri 15:00–17:30","https://www.opentable.com/restaurant/profile/1194610","https://www.opentable.com/restaurant/profile/1194610","","published offer prose","311"
"Phoenix","Culinary Dropout at the Yard - Tempe","149 S Farmer Ave, Suite 103, Tempe, 85281","4.7","3984","Happy hour","Mon, Tue, Wed, Thu, Fri 14:00–17:00","https://www.opentable.com/restaurant/profile/158968","https://www.opentable.com/restaurant/profile/158968","","labeled happy-hour service hours","312"
"Phoenix","Culinary Dropout Waterfront","7135 E Camelback Rd, Ste 125, Scottsdale, 85251","4.7","3890","Happy hour","Mon, Tue, Wed, Thu, Fri 14:00–17:00","https://www.opentable.com/restaurant/profile/138610","https://www.opentable.com/restaurant/profile/138610","","labeled happy-hour service hours","313"
"Phoenix","Cooper's Hawk Winery & Restaurant - Gilbert, AZ","2290 S. San Tan Village, Gilbert, 85295","4.7","3232","Wine ‘O’ Clock Happy Hour | Mon-Fri 3 - 5:30 pm","Mon, Tue, Wed, Thu, Fri 15:00–17:30","https://www.opentable.com/restaurant/profile/1265044","https://www.opentable.com/restaurant/profile/1265044","","published offer prose","314"
"Phoenix","Lure Fish House","8877 N Scottsdale Rd 402, Scottsdale, 85258","4.7","2995","Happy hour","Mon, Tue, Wed, Thu, Fri 15:00–18:00; Sun, Sat 11:00–17:00","https://www.opentable.com/restaurant/profile/1251154","https://www.opentable.com/restaurant/profile/1251154","","labeled happy-hour service hours","315"
"Phoenix","Persian Room - Scottsdale","17040 N. Scottsdale Rd., Scottsdale, 85255","4.7","2868","Happy hour","Mon, Tue, Wed, Thu 16:00–19:00","https://www.opentable.com/restaurant/profile/51331","https://www.opentable.com/restaurant/profile/51331","","published offer prose","316"
"Phoenix","Culinary Dropout at The Quarter","15125 N. SCOTTSDALE RD, Scottsdale, 85254","4.7","2749","Happy hour","Mon, Tue, Wed, Thu, Fri 14:00–17:00","https://www.opentable.com/restaurant/profile/1064317","https://www.opentable.com/restaurant/profile/1064317","","labeled happy-hour service hours","317"
"Phoenix","North Italia – Arcadia","4925 N 40th St, Phoenix, 85018-2610","4.7","2748","Happy hour","Mon, Tue, Wed, Thu, Fri 15:00–18:00","https://www.opentable.com/restaurant/profile/88504","https://www.opentable.com/restaurant/profile/88504","","labeled happy-hour service hours","318"
"Phoenix","EVO - Old Town Scottsdale","4175 N Goldwater Blvd, Scottsdale, 85251","4.7","2485","Happy hour","Sun, Mon, Tue, Wed, Thu, Fri, Sat 16:00–18:00","https://www.opentable.com/restaurant/profile/107797","https://www.opentable.com/restaurant/profile/107797","","published offer prose","319"
"Phoenix","The Collins Small Batch Kitchen","3160 E Camelback Rd, Phoenix, 85016-4502","4.7","2322","Happy hour","Sun, Mon, Tue, Wed, Thu, Fri, Sat 15:00–18:00","https://www.opentable.com/restaurant/profile/984727","https://www.opentable.com/restaurant/profile/984727","","labeled happy-hour service hours","320"
"Phoenix","Blanco Cocina + Cantina – The Borgata","6166 N Scottsdale Rd #601, Scottsdale, 85253","4.7","2163","NEW Daily Happy Hour","Mon, Tue, Wed, Thu, Fri 15:00–18:00","https://www.opentable.com/restaurant/profile/212959","https://www.opentable.com/restaurant/profile/212959","Available in the bar seating specified by the restaurant.","published offer prose","321"
"Phoenix","Culinary Dropout at the Yard - Phoenix","5632 N 7th Street, #150, Phoenix, 85014","4.7","2158","Happy hour","Mon, Tue, Wed, Thu, Fri 15:00–18:00","https://www.opentable.com/restaurant/profile/140677","https://www.opentable.com/restaurant/profile/140677","","labeled happy-hour service hours","322"
"Phoenix","The Macintosh","2119 E. Camelback Rd. Ste. A21, Phoenix, 85016","4.7","2008","Happy hour","Sun, Mon, Tue, Wed, Thu, Fri, Sat 15:00–18:00","https://www.opentable.com/restaurant/profile/170233","https://www.opentable.com/restaurant/profile/170233","","labeled happy-hour service hours","323"
"San Antonio","Signature","16401 La Cantera Pkwy, San Antonio, 78256","4.9","3132","Happy hour","Mon, Tue, Wed, Thu, Fri 16:30–18:00","https://www.opentable.com/restaurant/profile/342928","https://www.opentable.com/restaurant/profile/342928","","labeled happy-hour service hours","324"
"San Antonio","Seasons 52 - San Antonio","255 E Basse Rd suite 1400, San Antonio, 78209","4.8","1164","Happy hour","Mon, Tue, Wed, Thu, Fri 15:00–18:00","https://www.opentable.com/restaurant/profile/1275562","https://www.opentable.com/restaurant/profile/1275562","","published offer prose","325"
"San Antonio","The Capital Grille - San Antonio","17446 Fiesta Texas Dr, San Antonio, 78256","4.8","465","Introducing Capital Hours","Mon, Tue, Wed, Thu, Fri 15:00–18:00","https://www.opentable.com/restaurant/profile/1434700","https://www.opentable.com/restaurant/profile/1434700","","published offer prose","326"
"San Antonio","Ruth's Chris Steak House - La Cantera","17803 La Cantera Terrace, San Antonio, 78256","4.7","1922","HAPPY HOUR AT THE PRIME BAR","Sun, Mon, Tue, Wed, Thu, Fri, Sat 15:00–18:00","https://www.opentable.com/restaurant/profile/186262","https://www.opentable.com/restaurant/profile/186262","Available for dine-in guests only. Available in the bar seating specified by the restaurant.","published offer prose","327"
"San Antonio","Mama's Cafe","2442 Nacogdoches Rd, San Antonio, 78217-6023","4.7","569","Happy hour","Tue, Wed, Thu, Fri 15:00–18:00","https://www.opentable.com/restaurant/profile/862768","https://www.opentable.com/restaurant/profile/862768","","labeled happy-hour service hours","328"
"San Antonio","DJ's Bar and Grill","1806 N Loop 1604 W, San Antonio, 78248-4520","4.7","147","Happy hour","Mon, Tue, Wed, Thu, Fri 15:00–19:00","https://www.opentable.com/restaurant/profile/1295104","https://www.opentable.com/restaurant/profile/1295104","","labeled happy-hour service hours","329"
"San Antonio","The Hayden - Broadway","4025 Broadway, San Antonio, 78209-6313","4.7","119","Weekly Happy Hour 3-6PM","Mon, Tue, Wed, Thu, Fri 15:00–18:00","https://www.opentable.com/restaurant/profile/1144060","https://www.opentable.com/restaurant/profile/1144060","","published offer prose","330"
"San Antonio","Dos Rios Mexican Bar & Grill","1281 N Academy Ave, New Braunfels, 78130","4.6","379","Happy-hour drinks","Tue–Fri 11:00–18:30","https://www.dosriosnb.com/","https://www.opentable.com/restaurant/profile/430381","","verified operator website","331"
"San Antonio","Renzo's Trattoria & Pizzeria","4323 N Loop 1604 W Acc Rd ste 112, San Antonio, 78249","4.6","359","Happy hour","Sun, Tue, Wed, Thu, Fri, Sat 15:00–18:00","https://www.opentable.com/restaurant/profile/1267168","https://www.opentable.com/restaurant/profile/1267168","","labeled happy-hour service hours","332"
"San Antonio","Katerina","18740 Stone Oak Pkwy, San Antonio, 78258-4100","4.6","262","Happy hour","Mon, Tue, Wed, Thu, Fri 16:00–19:00","https://www.opentable.com/restaurant/profile/1431943","https://www.opentable.com/restaurant/profile/1431943","","labeled happy-hour service hours","333"
"San Antonio","The Desert Spoon","11355 US-281, Spring Branch, 78070-6301","4.6","104","Happy Hour Wed-Thurs 5-7 pm","Wed, Thu 17:00–19:00","https://www.opentable.com/restaurant/profile/1416268","https://www.opentable.com/restaurant/profile/1416268","","published offer prose","334"
"San Antonio","Ostra at Mokara Hotel & Spa","212 W. Crockett St., San Antonio, 78205","4.5","1481","Happy hour","Sun, Mon, Tue, Wed, Thu, Fri, Sat 14:00–17:00","https://www.opentable.com/restaurant/profile/12181","https://www.opentable.com/restaurant/profile/12181","","labeled happy-hour service hours","335"
"San Antonio","North Italia - San Antonio","5822 Worth Parkway, #108, San Antonio, 78257","4.5","1405","Happy hour","Mon, Tue, Wed, Thu, Fri 15:00–18:00","https://www.opentable.com/restaurant/profile/1064164","https://www.opentable.com/restaurant/profile/1064164","","labeled happy-hour service hours","336"
"San Antonio","Esquire Tavern","155 East Commerce, San Antonio, 78205","4.5","699","Happy Hour!","Mon, Tue, Wed, Thu, Fri 14:00–17:00","https://www.opentable.com/restaurant/profile/57577","https://www.opentable.com/restaurant/profile/57577","","published offer prose","337"
"San Antonio","The Reel Seafood & Grill","1683 W State Highway 46, Suite 235, New Braunfels, 78132-4788","4.5","649","Happy hour","Tue, Wed, Thu, Fri 11:00–18:30","https://www.opentable.com/restaurant/profile/758611","https://www.opentable.com/restaurant/profile/758611","","labeled happy-hour service hours","338"
"San Antonio","Tokyo Cowboy","135 E Commerce St, San Antonio, 78205-2226","4.5","563","Happy Hour!","Mon, Tue, Wed, Thu, Fri 16:00–18:00","https://www.opentable.com/restaurant/profile/1340380","https://www.opentable.com/restaurant/profile/1340380","","labeled happy-hour service hours","339"
"San Antonio","The Kendall Restaurant","128 W Blanco Rd, Boerne, 78006-2031","4.5","106","Happy hour","Sun, Tue, Wed, Thu, Fri 14:00–18:00","https://www.opentable.com/restaurant/profile/1485997","https://www.opentable.com/restaurant/profile/1485997","","labeled happy-hour service hours","340"
"Austin","The Capital Grille - Austin","117 W 4th St, Austin, 78701","4.9","2187","Introducing Capital Hours","Mon, Tue, Wed, Thu, Fri 15:00–18:00","https://www.opentable.com/restaurant/profile/135934","https://www.opentable.com/restaurant/profile/135934","","published offer prose","341"
"Austin","The Peached Tortilla - Burnet Rd","5520 Burnet Rd, Suite#100, Austin, 78756","4.9","2031","Happy hour","Sun, Tue, Wed, Thu, Fri, Sat 17:00–18:30","https://www.opentable.com/restaurant/profile/167233","https://www.opentable.com/restaurant/profile/167233","","labeled happy-hour service hours","342"
"Austin","Parkside","301 E. 6th Street, Austin, 78701","4.9","1607","Happy Hour","Sun–Fri 17:00–18:00","https://www.parkside-austin.com/faq","https://www.opentable.com/restaurant/profile/41920","","verified operator website","343"
"Austin","34th Street Cafe","1005 west 34th street, Austin, 78705","4.9","314","20% OFF BOTTLES OF WINE","Mon, Tue, Wed, Thu, Fri 17:00–19:00","https://www.opentable.com/restaurant/profile/989392","https://www.opentable.com/restaurant/profile/989392","","published offer prose","344"
"Austin","Truluck's - Ocean's Finest Seafood & Crab - Austin Downtown","300 Colorado St, Austin, 78701","4.8","5682","Half Off Happy Hour","Sun, Mon, Tue, Wed, Thu, Fri, Sat 16:30–18:00","https://www.opentable.com/restaurant/profile/4110","https://www.opentable.com/restaurant/profile/4110","Available in the bar area only. Available in the bar or patio seating described in the offer.","published offer prose","345"
"Austin","Truluck's - Ocean's Finest Seafood & Crab - Austin Arboretum","10225 Research Blvd, Suite 4000, Austin, 78759","4.8","5479","Half Off Happy Hour!","Sun, Mon, Tue, Wed, Thu, Fri, Sat 16:30–18:00","https://www.opentable.com/restaurant/profile/4109","https://www.opentable.com/restaurant/profile/4109","Available in the bar seating specified by the restaurant.","published offer prose","346"
"Austin","Chez Zee","5406 Balcones Dr., Austin, 78731","4.8","4735","Happy hour","Tue, Wed, Thu, Fri 15:00–18:00","https://www.opentable.com/restaurant/profile/7424","https://www.opentable.com/restaurant/profile/7424","","labeled happy-hour service hours","347"
"Austin","The Salty Sow","1917 Manor Rd, Austin, 78722","4.8","4283","Happy hour","Sun, Mon, Tue, Wed, Thu, Fri, Sat 16:00–18:00","https://www.opentable.com/restaurant/profile/86803","https://www.opentable.com/restaurant/profile/86803","","labeled happy-hour service hours","348"
"Austin","Fixe","500 W. 5th St, Austin, 78701","4.8","3286","Happy hour","Sun, Mon, Tue, Wed, Thu, Fri, Sat 16:00–18:00","https://www.opentable.com/restaurant/profile/138916","https://www.opentable.com/restaurant/profile/138916","","labeled happy-hour service hours","349"
"Austin","ATX Cocina","110 San Antonio St, Ste 170, Austin, 78701-4661","4.8","3095","Happy Hour","Mon, Tue, Wed, Thu 17:00–18:00; Fri, Sat 16:00–17:00; Sun 15:00–17:00","https://www.opentable.com/restaurant/profile/733204","https://www.opentable.com/restaurant/profile/733204","","multiple published offer windows","350"
"Austin","Intero","2612 E Cesar Chavez, Austin, 78702","4.8","2148","Happy Hour!","Tue, Wed, Thu 17:00–18:30","https://www.opentable.com/restaurant/profile/1013098","https://www.opentable.com/restaurant/profile/1013098","","published offer prose","351"
"Austin","Freda's Seafood Grille","10903 Pecan Park Blvd, Austin, 78750","4.8","1947","Happy hour","Sun, Mon, Tue, Wed, Thu 16:00–18:00","https://www.opentable.com/restaurant/profile/161971","https://www.opentable.com/restaurant/profile/161971","","labeled happy-hour service hours","352"
"Austin","North Italia - Austin 2nd Street","500 W 2nd St, Austin, 78701","4.8","1925","Happy hour","Mon, Tue, Wed, Thu 15:00–18:00","https://www.opentable.com/restaurant/profile/988378","https://www.opentable.com/restaurant/profile/988378","","labeled happy-hour service hours","353"
"Austin","Bulevar Mexican Kitchen","9400 Arboretum Blvd, Austin, 78759-6392","4.8","1731","Happy hour","Mon, Tue, Wed, Thu 17:00–18:00; Sun, Fri, Sat 16:00–18:00","https://www.opentable.com/restaurant/profile/1245007","https://www.opentable.com/restaurant/profile/1245007","","labeled happy-hour service hours","354"
"Austin","Lutie's","4100 Red River St, Austin, 78751","4.8","1315","Lutie's Social Hour","Sun, Mon, Tue, Wed, Thu, Fri, Sat 16:30–18:00","https://www.opentable.com/restaurant/profile/1069120","https://www.opentable.com/restaurant/profile/1069120","Available in the bar or patio seating described in the offer.","published offer prose","355"
"Austin","It's Italian Cucina","1500 S Lamar Blvd, Ste 110, Austin, 78704-2949","4.8","1056","Happy Hour Mon-Fri","Mon, Tue, Wed, Thu, Fri 16:00–18:30","https://www.opentable.com/restaurant/profile/987751","https://www.opentable.com/restaurant/profile/987751","Available in the bar seating specified by the restaurant.","published offer prose","356"
"Austin","Casa Do Brasil- Austin","10515 N Mopac Expy NB, Bldg 0, Austin, 78759","4.8","911","Happy hour","Sun, Mon, Wed, Thu, Fri 11:00–19:00; Tue 11:00–21:00","https://www.opentable.com/restaurant/profile/1272274","https://www.opentable.com/restaurant/profile/1272274","","labeled happy-hour service hours","357"
"Austin","Suerte","1800 E 6th St, Austin, 78702-2704","4.8","848","Lucky Hour","Mon, Tue, Wed, Thu, Fri 17:00–18:00; Sun, Sat 15:00–17:00","https://www.opentable.com/restaurant/profile/1017895","https://www.opentable.com/restaurant/profile/1017895","","multiple published offer windows","358"
"Austin","El Chile Cafe Manor","1900 Manor Rd, Austin, 78722","4.8","656","Happy hour","Mon, Tue, Wed, Thu, Fri 15:00–17:30","https://www.opentable.com/restaurant/profile/115786","https://www.opentable.com/restaurant/profile/115786","","labeled happy-hour service hours","359"
"Austin","The Backspace - Austin","507 San Jacinto, Austin, 78701","4.8","632","Happy Hour","Sun, Mon, Tue, Wed, Thu, Fri, Sat 16:00–18:00","https://www.opentable.com/restaurant/profile/110056","https://www.opentable.com/restaurant/profile/110056","","published offer prose","360"
"Austin","Powder Room","301 W 5th St, Austin, 78701","4.8","389","POWDER ROOM HAPPY HOUR","Sun, Mon, Tue, Wed, Thu, Fri, Sat 16:00–18:00","https://www.opentable.com/restaurant/profile/1344058","https://www.opentable.com/restaurant/profile/1344058","","published offer prose","361"
"Austin","Devil May Care","500 W 6th St, Austin, 78701","4.8","330","Happy hour","Tue, Wed, Thu, Fri, Sat 17:00–18:30","https://www.opentable.com/restaurant/profile/1077421","https://www.opentable.com/restaurant/profile/1077421","","published offer prose","362"
"Austin","P.F. Chang's - Austin - Arboretum","10114 Jollyville Rd., Austin, 78759","4.8","263","NEW Happy Hour starting at $6","Mon, Tue, Wed, Thu, Fri 15:00–18:00","https://www.opentable.com/restaurant/profile/332182","https://www.opentable.com/restaurant/profile/332182","","published offer prose","363"
"Austin","Austin Oyster Co","2502 E Cesar Chavez St, Austin, 78702","4.8","231","Happy hour","Tue, Wed, Thu, Fri 16:00–17:30","https://www.opentable.com/restaurant/profile/1431073","https://www.opentable.com/restaurant/profile/1431073","","published offer prose","364"
"Austin","Culinary Dropout - Austin","11721 Rock Rose Ave, Austin, 78758","4.7","2624","Happy hour","Mon, Tue, Wed, Thu, Fri 14:00–17:00","https://www.opentable.com/restaurant/profile/334660","https://www.opentable.com/restaurant/profile/334660","","labeled happy-hour service hours","365"
"Austin","Wu Chow-Downtown","500 West 5th St., #168, Austin, 78701","4.7","2363","Happy hour","Mon, Tue, Wed, Thu, Fri 17:00–18:00","https://www.opentable.com/restaurant/profile/172819","https://www.opentable.com/restaurant/profile/172819","Available on the patio only.","published offer prose","366"
"Austin","L'Oca d'Oro","1900 Simond Ave, Ste 100, Austin, 78723","4.7","1680","Happy hour","Sun, Wed, Thu, Fri, Sat 16:00–18:00","https://www.opentable.com/restaurant/profile/267541","https://www.opentable.com/restaurant/profile/267541","","labeled happy-hour service hours","367"
"Austin","Ranch 616","616 Nueces, Austin, 78701","4.7","1671","Happy hour","Mon, Tue, Wed, Thu 17:00–18:00; Fri 14:00–18:00; Sun, Sat 15:00–18:00","https://www.opentable.com/restaurant/profile/15220","https://www.opentable.com/restaurant/profile/15220","","labeled happy-hour service hours","368"
"Austin","Corner","110 E 2nd St, Austin, 78701","4.7","1184","Hora Feliz (Happy Hour)","Mon, Tue, Wed, Thu, Fri 15:00–17:00","https://www.opentable.com/restaurant/profile/160780","https://www.opentable.com/restaurant/profile/160780","","published offer prose","369"
"Austin","68 Degrees","2401 Lake Austin Blvd, Austin, 78703","4.7","1138","Neighborhood Happy Hour","Sun, Mon, Tue, Wed, Thu, Fri, Sat 16:30–18:00","https://www.opentable.com/restaurant/profile/265375","https://www.opentable.com/restaurant/profile/265375","","published offer prose","370"
"Austin","Colleen's Kitchen","1911 Aldrich Street, Suite 100, Austin, 78723","4.7","1112","Daily Happy Hour 2:30-6pm","Sun, Mon, Tue, Wed, Thu, Fri, Sat 14:30–18:00","https://www.opentable.com/restaurant/profile/986374","https://www.opentable.com/restaurant/profile/986374","","published offer prose","371"
"Austin","El Alma Cafe y Cantina","1025 Barton Springs Rd, Austin, 78704","4.7","1077","Happy hour","Sun, Mon, Tue, Wed, Thu, Fri, Sat 15:00–18:00","https://www.opentable.com/restaurant/profile/95524","https://www.opentable.com/restaurant/profile/95524","","labeled happy-hour service hours","372"
"Austin","TenTen","501 W 6th St, Austin, 78701","4.7","792","Happy hour","Mon, Tue, Wed, Thu, Fri, Sat 16:30–18:00","https://www.opentable.com/restaurant/profile/1070710","https://www.opentable.com/restaurant/profile/1070710","","labeled happy-hour service hours","373"
"Austin","Comedor","501 Colorado St, Austin, 78701-2953","4.7","504","Happy hour","Sun, Mon, Tue, Wed, Thu, Fri 17:00–18:00","https://www.opentable.com/restaurant/profile/1131643","https://www.opentable.com/restaurant/profile/1131643","","labeled happy-hour service hours","374"
"Austin","The Guest House Austin","110 San Antonio St, Austin, 78701","4.7","462","Happy Hour","Mon, Tue, Wed, Thu, Fri 16:00–18:00","https://www.opentable.com/restaurant/profile/1353643","https://www.opentable.com/restaurant/profile/1353643","","published offer prose","375"
"Austin","Casa Bianca","1510 E Cesar Chavez St, Austin, 78702-4339","4.7","306","4-6pm $1.50 Oyster Happy Hour","Sun, Mon, Tue, Wed, Thu, Fri, Sat 16:00–18:00","https://www.opentable.com/restaurant/profile/1362454","https://www.opentable.com/restaurant/profile/1362454","Subject to availability while supplies last. Oyster special is limited to 12 per guest.","published offer prose","376"
"Austin","Kitsu Nori","2310 S Lamar Blvd suite 101, Austin, 78704","4.7","201","Hours + Happy Hours","Sun, Mon, Tue, Wed, Thu, Fri, Sat 16:00–17:30","https://www.opentable.com/restaurant/profile/1477489","https://www.opentable.com/restaurant/profile/1477489","","published offer prose","377"
"Austin","The Standard on Vaughan","145 E Vaughan St, Bertram, 78605","4.7","102","Happy Hour at The Standard","Tue, Wed, Thu, Fri 15:00–17:30","https://www.opentable.com/restaurant/profile/1448122","https://www.opentable.com/restaurant/profile/1448122","","published offer prose","378"
"Austin","Roaring Fork - Downtown, Congress","701 Congress Avenue, Austin, 78701","4.6","3733","Happy hour","Sun, Mon, Tue, Wed, Thu, Fri, Sat 16:00–18:00","https://www.opentable.com/restaurant/profile/41788","https://www.opentable.com/restaurant/profile/41788","Available in the bar seating specified by the restaurant.","published offer prose","379"
"Austin","La Riv - Georgetown","200 E 8th St, Georgetown, 78626","4.6","805","Enjoy Happy Hour at La Riv","Tue, Wed, Thu, Fri 16:00–17:30","https://www.opentable.com/restaurant/profile/1334110","https://www.opentable.com/restaurant/profile/1334110","Available in the bar area only.","published offer prose","380"
"Austin","Haywire - Domain","11501 Rock Rose Ave, Austin, 78758","4.6","727","Happy hour","Mon, Tue, Wed, Thu, Fri 14:00–18:00","https://www.opentable.com/restaurant/profile/1383895","https://www.opentable.com/restaurant/profile/1383895","","labeled happy-hour service hours","381"
"Austin","Las Palomas Restaurant-Bar","3201 Bee Caves Road #122, Austin, 78746","4.6","574","Las Palomas Happy Hour","Tue, Wed, Thu, Fri 15:00–18:00","https://www.opentable.com/restaurant/profile/46792","https://www.opentable.com/restaurant/profile/46792","","published offer prose","382"
"Austin","Kalimotxo","1813 E 6th St, Austin, 78702","4.6","423","Happy Hour at Kalimotxo","Sun, Mon, Tue, Wed, Thu, Fri, Sat 17:00–18:00","https://www.opentable.com/restaurant/profile/1179178","https://www.opentable.com/restaurant/profile/1179178","","published offer prose","383"
"Austin","The Kitchen American Bistro - Austin","400 W 6th St Suite 125, Austin, 78701","4.6","257","Happy hour","Sun, Mon, Tue, Wed, Thu, Fri, Sat 17:00–19:00","https://www.opentable.com/restaurant/profile/1384675","https://www.opentable.com/restaurant/profile/1384675","","labeled happy-hour service hours","384"
"Austin","La Volta Pizza Club","900 W 10th St, Austin, 78703","4.6","196","Inflation Proof Happy Hour!","Tue, Wed, Thu, Fri 17:00–18:30","https://www.opentable.com/restaurant/profile/1362547","https://www.opentable.com/restaurant/profile/1362547","","published offer prose","385"
"Austin","Il Brutto","1601 East 6th Street, Austin, 78701","4.5","1860","Happy Hour - 50% off alcohol / $18 Pizza + Pasta","Sun, Mon, Tue, Wed, Thu 17:00–18:00; Fri, Sat 16:00–17:00","https://www.opentable.com/restaurant/profile/955147","https://www.opentable.com/restaurant/profile/955147","","multiple published offer windows","386"
"Austin","Caroline","621 Congress Ave, Suite 101, Austin, 78701","4.5","1352","Caroline Happy Hour","Mon, Tue, Wed, Thu 16:00–18:00","https://www.opentable.com/restaurant/profile/732061","https://www.opentable.com/restaurant/profile/732061","","published offer prose","387"
"Austin","Swift's Attic","315 Congress, Austin, 78701","4.5","1332","Happy hour","Tue, Wed, Thu, Fri 16:00–18:00","https://www.opentable.com/restaurant/profile/76807","https://www.opentable.com/restaurant/profile/76807","","labeled happy-hour service hours","388"
"Fort Worth","The Capital Grille - Fort Worth","800 Main St, Fort Worth, 76102","4.9","3883","Introducing Capital Hours","Mon, Tue, Wed, Thu, Fri 15:00–18:00","https://www.opentable.com/restaurant/profile/85933","https://www.opentable.com/restaurant/profile/85933","","published offer prose","389"
"Fort Worth","Calabrese Southlake","1281 E State Highway 114, Southlake, 76092","4.9","3189","Happy hour","Mon, Tue, Wed, Thu 16:00–18:00","https://www.opentable.com/restaurant/profile/148561","https://www.opentable.com/restaurant/profile/148561","","labeled happy-hour service hours","390"
"Fort Worth","Silver Fox Steakhouse - Fort Worth","1651 S. University Dr., Fort Worth, 76107","4.9","2857","Happy hour","Mon, Tue, Wed, Thu, Fri 16:00–19:00","https://www.opentable.com/restaurant/profile/4955","https://www.opentable.com/restaurant/profile/4955","","labeled happy-hour service hours","391"
"Fort Worth","Ferrari's Italian Villa","1200 William D. Tate, Grapevine, 76051","4.9","1918","Happy hour","Mon, Tue, Wed, Thu, Fri, Sat 16:00–19:00","https://www.opentable.com/restaurant/profile/44845","https://www.opentable.com/restaurant/profile/44845","","published offer prose","392"
"Fort Worth","Chama Gaucha - Grapevine","4025 William D Tate Ave, Grapevine, 76051-7111","4.9","1204","Happy hour","Mon, Tue, Wed, Thu, Fri 16:00–18:30","https://www.opentable.com/restaurant/profile/1264801","https://www.opentable.com/restaurant/profile/1264801","","labeled happy-hour service hours","393"
"Fort Worth","Saviano's Italian Kitchen","300 N Main St., Euless, 76039","4.9","846","Happy Hour in the Bar","Mon, Tue, Wed, Thu, Fri 15:00–18:00","https://www.opentable.com/restaurant/profile/1005385","https://www.opentable.com/restaurant/profile/1005385","","published offer prose","394"
"Fort Worth","Loveria Caffe Taste of Italy","5615 Colleyville Blvd, Ste 410, Colleyville, 76034-6088","4.9","720","Happy hour","Sun, Tue, Wed, Thu, Fri, Sat 16:00–18:00","https://www.opentable.com/restaurant/profile/1000738","https://www.opentable.com/restaurant/profile/1000738","","labeled happy-hour service hours","395"
"Fort Worth","Kirby's Prime Steakhouse - Southlake","3305 E. Hwy 114, Southlake, 76092","4.8","3523","Happy hour","Tue, Wed, Thu, Fri 16:00–19:00","https://www.opentable.com/restaurant/profile/7561","https://www.opentable.com/restaurant/profile/7561","","labeled happy-hour service hours","396"
"Fort Worth","Main Street Bistro & Bakery/Chez Fabien - Grapevine","316 South Main St., Grapevine, 76051","4.8","885","Happy hour","Sun, Mon, Tue, Wed, Thu, Fri 15:00–18:30","https://www.opentable.com/restaurant/profile/160786","https://www.opentable.com/restaurant/profile/160786","","labeled happy-hour service hours","397"
"Fort Worth","The Capital Grille - Southlake","1201 E STATE HIGHWAY 114 STE 100, SOUTHLAKE, 76092-6593","4.8","642","Introducing Capital Hours","Mon, Tue, Wed, Thu, Fri 15:00–18:00","https://www.opentable.com/restaurant/profile/1351456","https://www.opentable.com/restaurant/profile/1351456","","published offer prose","398"
"Fort Worth","Stellini Trattoria","400 E Dallas Rd, Grapevine, 76051","4.8","520","Happy hour","Mon, Tue, Wed, Thu, Fri 15:00–18:00","https://www.opentable.com/restaurant/profile/1237225","https://www.opentable.com/restaurant/profile/1237225","","labeled happy-hour service hours","399"
"Fort Worth","HG SPLY CO - Fort Worth","1621 River Run Dr., Ste 176, Fort Worth, 76107","4.8","410","Happy Hour","Mon, Tue, Wed, Thu, Fri 15:00–18:00","https://www.opentable.com/restaurant/profile/266830","https://www.opentable.com/restaurant/profile/266830","","published offer prose","400"
"Fort Worth","Delucca Gaucho Pizza & Wine - Southlake","2001 W Southlake Blvd, Southlake, 76092","4.7","1321","Happy Hour every Weekday!","Mon, Tue, Wed, Thu, Fri 16:30–18:00","https://www.opentable.com/restaurant/profile/987052","https://www.opentable.com/restaurant/profile/987052","","published offer prose","401"
"Fort Worth","Thirsty Lion - Euless, TX","1220 Chisolm Trail, Ste 100, Euless, 76039-1268","4.7","603","Daily Happy Hour  3-6 pm","Sun, Mon, Tue, Wed, Thu, Fri, Sat 15:00–18:00","https://www.opentable.com/restaurant/profile/1028110","https://www.opentable.com/restaurant/profile/1028110","","published offer prose","402"
"Fort Worth","Cane Rosso - Arlington","200 N. East St., Arlington, 76011","4.7","192","Happy Hour","Mon, Tue, Wed, Thu, Fri 15:00–18:00","https://www.opentable.com/restaurant/profile/1081660","https://www.opentable.com/restaurant/profile/1081660","","published offer prose","403"
"Fort Worth","B&B Butchers - Fort Worth","5212 Marathon Ave, Fort Worth, 76109","4.6","3253","Happy Hour","Mon, Tue, Wed, Thu, Fri 14:00–17:00","https://www.opentable.com/restaurant/profile/934888","https://www.opentable.com/restaurant/profile/934888","Available in the bar or patio seating described in the offer.","published offer prose","404"
"Fort Worth","Bacchus Kitchen + Bar","215 E Dallas Rd., Grapevine, 76051","4.6","1047","Happy Hour","Sun, Mon, Tue, Wed, Thu 14:00–17:00","https://www.opentable.com/restaurant/profile/1080766","https://www.opentable.com/restaurant/profile/1080766","","published offer prose","405"
"Fort Worth","il Modo","714 Main St, Fort Worth, 76102-5217","4.6","464","All New Happy Hour!","Mon, Tue, Wed, Thu, Fri 16:00–18:00","https://www.opentable.com/restaurant/profile/1143271","https://www.opentable.com/restaurant/profile/1143271","","published offer prose","406"
"Fort Worth","Pie Tap Pizza + Rotisserie + Bar - Magnolia","1301 W Magnolia Ave, Fort Worth, 76104","4.6","182","HAPPY HOUR","Mon, Tue, Wed, Thu, Fri 11:00–18:00","https://www.opentable.com/restaurant/profile/1332283","https://www.opentable.com/restaurant/profile/1332283","","published offer prose","407"
"Fort Worth","Zoli’s NY Pizza - Fort Worth","3501 Hulen Street, Fort Worth, 76107","4.6","120","Happy Hour","Tue, Wed, Thu, Fri 15:00–18:00","https://www.opentable.com/restaurant/profile/1046680","https://www.opentable.com/restaurant/profile/1046680","","published offer prose","408"
"Fort Worth","Piaf Kitchen + Wine + Bar","129 S Main St Ste 130, Grapevine, 76051-5480","4.5","1074","Happy Hour!","Tue, Wed, Thu, Fri 16:00–17:30","https://www.opentable.com/restaurant/profile/1052998","https://www.opentable.com/restaurant/profile/1052998","","labeled happy-hour service hours","409"
"Fort Worth","Delucca Pizza & Wine - Fort Worth","3010 S Hulen St, Fort Worth, 76109","4.5","1045","Happy Hour - Every Weekday 4:30-6!","Mon, Tue, Wed, Thu, Fri 16:30–18:00","https://www.opentable.com/restaurant/profile/1078174","https://www.opentable.com/restaurant/profile/1078174","","published offer prose","410"
"Fort Worth","Wishbone and Flynt","334 Bryan Ave, Fort Worth, 76104-2416","4.5","540","Happy Hour","Tue, Wed, Thu, Fri 15:00–18:00","https://www.opentable.com/restaurant/profile/1066099","https://www.opentable.com/restaurant/profile/1066099","","labeled happy-hour service hours","411"
"Fort Worth","Rock & Brews - Grapevine","520 W State Hwy 114, Grapevine, 76051","4.5","173","Grapevine's Best Happy Hour","Mon, Tue, Wed, Thu, Fri 15:00–18:00","https://www.opentable.com/restaurant/profile/1376275","https://www.opentable.com/restaurant/profile/1376275","","published offer prose","412"
"Dallas","The Capital Grille - Dallas - Uptown","500 Crescent Ct, Dallas, 75201","4.9","3944","Introducing Capital Hours","Mon, Tue, Wed, Thu, Fri 15:00–18:00","https://www.opentable.com/restaurant/profile/2059","https://www.opentable.com/restaurant/profile/2059","","published offer prose","413"
"Dallas","Dakota’s Steakhouse- Downtown Dallas","600 N. Akard St, Dallas, 75201","4.8","5699","Happy Hour","Mon, Tue, Wed, Thu, Fri 16:00–18:00","https://www.opentable.com/restaurant/profile/4092","https://www.opentable.com/restaurant/profile/4092","","published offer prose","414"
"Dallas","Al Biernat's - North Dallas","5251 Spring Valley Road, Dallas, 75254","4.8","5593","Happy hour","Mon, Tue, Wed, Thu, Fri 15:00–19:00","https://www.opentable.com/restaurant/profile/987043","https://www.opentable.com/restaurant/profile/987043","","labeled happy-hour service hours","415"
"Dallas","Mignon - Prime Steaks, Seafood and Cocktails","4005 Preston Rd., Suite 518, Plano, 75093","4.8","2368","Happy Hour @ Mignon","Mon, Tue, Wed, Thu 16:00–18:00","https://www.opentable.com/restaurant/profile/16705","https://www.opentable.com/restaurant/profile/16705","","published offer prose","416"
"Dallas","Moxies - Dallas","100 Crescent Ct, Ste 140, Dallas, 75201","4.8","1555","Happy hour","Mon, Tue, Wed, Thu, Fri 15:00–18:00","https://www.opentable.com/restaurant/profile/334570","https://www.opentable.com/restaurant/profile/334570","","labeled happy-hour service hours","417"
"Dallas","Arthur's Steakhouse","15175 Quorum Dr, Addison, 75001-4631","4.8","1501","Happy Hour 4 PM - 7 PM","Mon, Tue, Wed, Thu, Fri 16:00–19:00","https://www.opentable.com/restaurant/profile/144658","https://www.opentable.com/restaurant/profile/144658","","published offer prose","418"
"Dallas","Hudson House - Lovers Lane","4448 Lovers Lane, Dallas, 75225","4.8","1073","Happy hour","Sun, Mon, Tue, Wed, Thu, Fri, Sat 15:00–18:00","https://www.opentable.com/restaurant/profile/985105","https://www.opentable.com/restaurant/profile/985105","","labeled happy-hour service hours","419"
"Dallas","Neighborhood Services - Oak Lawn","3848 Oak Lawn Ave 210, Dallas, 75219","4.8","904","Happy Hour","Mon, Tue, Wed, Thu, Fri 16:00–18:00","https://www.opentable.com/restaurant/profile/1209583","https://www.opentable.com/restaurant/profile/1209583","","published offer prose","420"
"Dallas","Nuri Steakhouse - Uptown","2401 Cedar Springs Rd suite 120, Dallas, 75201-1407","4.8","842","Happy hour","Mon, Tue, Wed, Thu 16:00–18:00; Sun 17:00–21:00","https://www.opentable.com/restaurant/profile/1266151","https://www.opentable.com/restaurant/profile/1266151","","labeled happy-hour service hours","421"
"Dallas","Ziziki's - Preston Forest","11661 Preston Rd, Suite 309, Dallas, 75230","4.8","805","Happy Hour Monday to Thursday 3:00 to 6:00 pm","Mon, Tue, Wed, Thu 15:00–18:00","https://www.opentable.com/restaurant/profile/187378","https://www.opentable.com/restaurant/profile/187378","","published offer prose","422"
"Dallas","HG Sply Co. - Dallas","2008 Greenville Ave., Dallas, 75206","4.8","782","Happy Hour","Mon, Tue, Wed, Thu, Fri 15:00–18:00","https://www.opentable.com/restaurant/profile/112657","https://www.opentable.com/restaurant/profile/112657","","published offer prose","423"
"Dallas","Hudson House - Lakewood","4040 Abrams Rd, Dallas, 75214-2605","4.8","649","Happy hour","Mon, Tue, Wed, Thu, Fri 15:00–18:00","https://www.opentable.com/restaurant/profile/1123819","https://www.opentable.com/restaurant/profile/1123819","","labeled happy-hour service hours","424"
"Dallas","MoMo Italian Kitchen Lake Highlands","8989 Forest Ln
Ste 130, Dallas, 75243-4159","4.8","601","Happy Hour 4:30-6:30 Tuesday to Friday","Tue, Wed, Thu, Fri 16:30–18:30","https://www.opentable.com/restaurant/profile/1211284","https://www.opentable.com/restaurant/profile/1211284","Available in the bar area only. Available in the bar or patio seating described in the offer.","published offer prose","425"
"Dallas","The Standard Pour","2900 McKinney Ave, Dallas, 75204","4.8","512","Happy hour","Mon 17:00–02:00; Sun, Tue, Wed, Thu, Fri, Sat 17:00–19:00","https://www.opentable.com/restaurant/profile/1014043","https://www.opentable.com/restaurant/profile/1014043","","labeled happy-hour service hours","426"
"Dallas","Cane Rosso - White Rock","7328 Gaston Ave, Suite 100, Dallas, 75214","4.8","252","Happy hour","Mon, Tue, Wed, Thu, Fri 15:00–18:00","https://www.opentable.com/restaurant/profile/174241","https://www.opentable.com/restaurant/profile/174241","","labeled happy-hour service hours","427"
"Dallas","Fish City Grill - Preston & Royal","10720 Preston Rd, Dallas, 75230","4.8","126","Happy Hour | Sunday–Friday | 3:00–6:00 PM","Sun, Mon, Tue, Wed, Thu, Fri 15:00–18:00","https://www.opentable.com/restaurant/profile/222727","https://www.opentable.com/restaurant/profile/222727","","published offer prose","428"
"Dallas","Sixty Vines - Plano","3701 Dallas Pkwy, Plano, 75093","4.7","4385","Happy hour","Mon, Tue, Wed, Thu, Fri 15:00–18:00","https://www.opentable.com/restaurant/profile/266839","https://www.opentable.com/restaurant/profile/266839","","labeled happy-hour service hours","429"
"Dallas","Yardbird Table & Bar - Dallas","2121 N Pearl St, St 170, Dallas, 75201","4.7","3319","Happy Hour | Monday–Friday | 3–6 PM","Mon, Tue, Wed, Thu, Fri 15:00–18:00","https://www.opentable.com/restaurant/profile/1068058","https://www.opentable.com/restaurant/profile/1068058","","published offer prose","430"
"Dallas","Nobu Dallas","400 Crescent Court, Dallas, 75201","4.7","3268","Happy hour","Sun, Mon, Tue, Wed, Thu, Fri, Sat 17:00–19:00","https://www.opentable.com/restaurant/profile/4525","https://www.opentable.com/restaurant/profile/4525","","labeled happy-hour service hours","431"
"Dallas","Neighborhood Services - Village on Parkway","5100 Beltline Road, #795, Dallas, 75254","4.7","2551","Happy Hour","Mon, Tue, Wed, Thu, Fri 16:00–17:30","https://www.opentable.com/restaurant/profile/146041","https://www.opentable.com/restaurant/profile/146041","","published offer prose","432"
"Dallas","Delucca Pizza & Wine - Dallas","1628 Oak Lawn Ave Ste 100, Dallas, 75207-3406","4.7","2049","Weekday Happy Hour!","Mon, Tue, Wed, Thu, Fri 16:30–18:00","https://www.opentable.com/restaurant/profile/1021849","https://www.opentable.com/restaurant/profile/1021849","","published offer prose","433"
"Dallas","12 Cuts Brazilian Steakhouse","18010 Dallas Pkwy, Dallas, 75287","4.7","1398","Happy hour","Mon, Tue, Wed, Thu, Fri 16:00–18:30","https://www.opentable.com/restaurant/profile/1049434","https://www.opentable.com/restaurant/profile/1049434","","labeled happy-hour service hours","434"
"Dallas","JOEY Dallas","8687 N Central Expy suite 307, Dallas, 75225","4.7","1396","Happy hour","Mon, Tue, Wed, Thu, Fri 15:00–18:00","https://www.opentable.com/restaurant/profile/1346170","https://www.opentable.com/restaurant/profile/1346170","","labeled happy-hour service hours","435"
"Dallas","Hudson House - Addison","4933 Belt Line Rd, Addison, 75254","4.7","1174","Happy hour","Sun, Mon, Tue, Wed, Thu, Fri, Sat 16:00–18:00","https://www.opentable.com/restaurant/profile/1026289","https://www.opentable.com/restaurant/profile/1026289","","labeled happy-hour service hours","436"
"Dallas","Gyu-Kaku Japanese BBQ - Dallas, TX | Addison (Prestonwood Place)","5290 Belt Line Rd, #115, Dallas, 75254","4.7","734","Happy hour","Mon, Tue, Wed, Thu 11:00–20:45; Fri 15:00–17:00","https://www.opentable.com/restaurant/profile/334672","https://www.opentable.com/restaurant/profile/334672","","labeled happy-hour service hours","437"
"Dallas","Pie Tap Pizza + Rotisserie+ Bar - Design District","1212 Oak Lawn Ave, Ste 131, Dallas, 75207","4.7","667","HAPPY HOUR","Mon, Tue, Wed, Thu, Fri 11:00–18:00","https://www.opentable.com/restaurant/profile/253381","https://www.opentable.com/restaurant/profile/253381","","published offer prose","438"
"Dallas","The Finch - Dallas","5307 E Mockingbird Ln, Dallas, 75206-5109","4.7","612","Happy Hour","Mon, Tue, Wed, Thu, Fri 15:00–18:00","https://www.opentable.com/restaurant/profile/1208710","https://www.opentable.com/restaurant/profile/1208710","","published offer prose","439"
"Dallas","Pie Tap Pizza + Rotisserie + Bar - Park & Preston","1900 Preston Rd; Ste 329, Plano, 75093","4.7","520","HAPPY HOUR","Mon, Tue, Wed, Thu, Fri 11:00–18:00","https://www.opentable.com/restaurant/profile/992011","https://www.opentable.com/restaurant/profile/992011","","published offer prose","440"
"Dallas","Cane Rosso - Deep Ellum","2612 Commerce Street, Dallas, 75226","4.7","391","Happy hour","Mon, Tue, Wed, Thu, Fri 15:00–18:00","https://www.opentable.com/restaurant/profile/188800","https://www.opentable.com/restaurant/profile/188800","","labeled happy-hour service hours","441"
"Dallas","North Italia - Dallas Galleria","13270 Dallas Pkwy suite 1155, Dallas, 75240-1569","4.7","345","Happy hour","Mon, Tue, Wed, Thu, Fri 15:00–18:00","https://www.opentable.com/restaurant/profile/1346194","https://www.opentable.com/restaurant/profile/1346194","","labeled happy-hour service hours","442"
"Dallas","Zoli’s NY Pizza - Addison","14910 Midway Road, Addison, 75001","4.7","296","Happy Hour","Tue, Wed, Thu, Fri 15:00–18:00","https://www.opentable.com/restaurant/profile/988612","https://www.opentable.com/restaurant/profile/988612","","published offer prose","443"
"Dallas","CRAFT Restaurant & Beer Market","5974 W Northwest Hwy, Dallas, 75225","4.7","187","Happy hour","Mon, Tue, Wed, Thu, Fri 15:00–18:00","https://www.opentable.com/restaurant/profile/1485769","https://www.opentable.com/restaurant/profile/1485769","","labeled happy-hour service hours","444"
"Dallas","Pie Tap Pizza + Rotisserie + Bar - Addison","5100 Belt Line Rd Ste 796, Dallas, 75254-7036","4.7","186","HAPPY HOUR","Mon, Tue, Wed, Thu, Fri 11:00–18:00","https://www.opentable.com/restaurant/profile/1088224","https://www.opentable.com/restaurant/profile/1088224","","published offer prose","445"
"Dallas","Culpepper Cattle Co. - Dallas","3309 Elm St suite 100, Dallas, 75226-1637","4.7","103","Happy Hour","Mon, Tue, Wed, Thu, Fri 15:00–18:00","https://www.opentable.com/restaurant/profile/1374160","https://www.opentable.com/restaurant/profile/1374160","","published offer prose","446"
"Dallas","Mexican Sugar - Las Colinas","3215 Regent Blvd, Irving, 75063","4.6","3188","Happy Hour","Mon, Tue, Wed, Thu, Fri 14:00–18:00","https://www.opentable.com/restaurant/profile/1075912","https://www.opentable.com/restaurant/profile/1075912","","published offer prose","447"
"Dallas","Saint Ann Restaurant and Bar","2550 Harry Hines Blvd, Dallas, 75201","4.6","2120","Happy Hour","Wed, Thu, Fri 15:00–19:00","https://www.opentable.com/restaurant/profile/57838","https://www.opentable.com/restaurant/profile/57838","Available in the bar or patio seating described in the offer.","published offer prose","448"
"Dallas","Mexican Sugar - Uptown Dallas","Olive and Mckinney, Dallas, 75201","4.6","1265","Happy Hour","Mon, Tue, Wed, Thu, Fri 14:00–18:00","https://www.opentable.com/restaurant/profile/1224484","https://www.opentable.com/restaurant/profile/1224484","","published offer prose","449"
"Dallas","Culinary Dropout – Dallas","150 Turtle Creek Blvd 101, Dallas, 75207-6800","4.6","815","Happy hour","Mon, Tue, Wed, Thu, Fri 15:00–19:00","https://www.opentable.com/restaurant/profile/1360828","https://www.opentable.com/restaurant/profile/1360828","","labeled happy-hour service hours","450"
"Dallas","Winsome Prime","331 Singleton Blvd, Dallas, 75212-4102","4.6","800","Happy hour","Mon, Tue, Wed, Thu, Fri 16:00–19:00","https://www.opentable.com/restaurant/profile/1417882","https://www.opentable.com/restaurant/profile/1417882","","labeled happy-hour service hours","451"
"Dallas","Monarch","1401 Elm St, Dallas, 75202-2910","4.6","734","Happy hour","Sun, Mon, Tue, Wed, Thu, Fri 17:00–18:15","https://www.opentable.com/restaurant/profile/1143349","https://www.opentable.com/restaurant/profile/1143349","","labeled happy-hour service hours","452"
"Dallas","The Saint Italian Steakhouse - Design District","1000 N Riverfront Blvd, Dallas, 75207","4.6","644","Oyster and Caviar Happy Hour","Sun, Mon, Tue, Wed, Thu, Fri, Sat 17:00–19:00","https://www.opentable.com/restaurant/profile/1264591","https://www.opentable.com/restaurant/profile/1264591","Available in the lounge only. Available in the bar seating specified by the restaurant.","published offer prose","453"
"Dallas","Mexican Sugar - Addison","4951 Belt Line Rd, Dallas, 75254-7538","4.6","268","Happy Hour","Mon, Tue, Wed, Thu, Fri 14:00–18:00","https://www.opentable.com/restaurant/profile/1458139","https://www.opentable.com/restaurant/profile/1458139","","published offer prose","454"
"Dallas","Delucca Gaucho Pizza & Wine - Irving","859 W John Carpenter Fwy, Irving, 75039-2304","4.6","201","Happy Hour","Mon, Tue, Wed, Thu, Fri 15:30–18:00","https://www.opentable.com/restaurant/profile/1366483","https://www.opentable.com/restaurant/profile/1366483","","published offer prose","455"
"Dallas","San Martin - Addison","5407 Belt Line Rd, Dallas, 75248","4.6","106","Happy Hour","Mon, Tue, Wed, Thu, Fri 15:00–18:00","https://www.opentable.com/restaurant/profile/1380253","https://www.opentable.com/restaurant/profile/1380253","","published offer prose","456"
"Dallas","Eataly Dallas - Terra","8687 N Central Expy, Ste. 2172, Dallas, 75225-4427","4.5","3685","Happy Hour at Terra","Mon, Tue, Wed, Thu, Fri 16:00–20:00","https://www.opentable.com/restaurant/profile/1101355","https://www.opentable.com/restaurant/profile/1101355","","published offer prose","457"
"Dallas","SER Steak+Spirits","Hilton Anatole, 2201 Stemmons Freeway, Dallas, 75207","4.5","2848","Social Hour","Mon, Tue, Wed, Thu, Fri, Sat 17:00–18:30","https://www.opentable.com/restaurant/profile/1896","https://www.opentable.com/restaurant/profile/1896","","published offer prose","458"
"Dallas","Corrientes 348 Argentinian Steakhouse","1807 Ross Ave, Ste 200, Dallas, 75201","4.5","1237","Corrientes 348 Happy Hour","Mon, Tue, Wed, Thu, Fri 16:00–18:00","https://www.opentable.com/restaurant/profile/350752","https://www.opentable.com/restaurant/profile/350752","","labeled happy-hour service hours","459"
"Dallas","Maison Chinoise - Dallas","4152 Cole Ave ste 106, Dallas, 75204-8245","4.5","701","Half-Priced Bottled Wine Sundays","Sun 16:30–22:00","https://www.opentable.com/restaurant/profile/1310110","https://www.opentable.com/restaurant/profile/1310110","Available for dine-in guests only.","published offer prose","460"
"Dallas","Sloane's Corner","2001 Ross Ave, Ste 125, Dallas, 75201","4.5","673","Happy hour","Mon, Tue, Wed, Thu, Fri 14:00–18:00","https://www.opentable.com/restaurant/profile/1051168","https://www.opentable.com/restaurant/profile/1051168","","published offer prose","461"
"Houston","Chama Gaucha - Houston","5865 Westheimer Rd, Houston, 77057-5616","4.9","3840","New Happy Hour","Sun, Wed, Thu, Fri, Sat 16:30–19:00","https://www.opentable.com/restaurant/profile/191512","https://www.opentable.com/restaurant/profile/191512","Available in the bar or patio seating described in the offer.","published offer prose","462"
"Houston","Potente","1515 Texas Avenue, Houston, 77002","4.9","2321","Happy Hour in the Lounge 5-7pm","Mon, Tue, Wed, Thu, Fri 17:00–19:00","https://www.opentable.com/restaurant/profile/298264","https://www.opentable.com/restaurant/profile/298264","","published offer prose","463"
"Houston","The Capital Grille - Houston - CityCentre","840 W Sam Houston Pkwy N, City Centre Four, Houston, 77024","4.9","1824","Introducing Capital Hours","Mon, Tue, Wed, Thu, Fri 15:00–18:00","https://www.opentable.com/restaurant/profile/114100","https://www.opentable.com/restaurant/profile/114100","","published offer prose","464"
"Houston","Ume Sushi Heights","2802 White Oak Dr, Ste 500, Houston, 77007","4.9","454","Happy hour","Sun, Mon, Tue, Wed, Thu, Fri, Sat 16:30–18:00","https://www.opentable.com/restaurant/profile/1114033","https://www.opentable.com/restaurant/profile/1114033","","published offer prose","465"
"Houston","Ka Sushi","1901 N Shepherd Dr, Ste 1, Houston, 77008","4.9","341","Happy hour","Mon, Tue, Wed, Thu, Fri 15:00–18:30; Sun, Sat 11:30–18:30","https://www.opentable.com/restaurant/profile/253543","https://www.opentable.com/restaurant/profile/253543","","labeled happy-hour service hours","466"
"Houston","Hachi Sushi","5333 Westheimer Rd Suite #100, Houston, 77056","4.9","159","Happy hour","Sun, Mon, Tue, Wed, Thu, Fri, Sat 17:00–18:30","https://www.opentable.com/restaurant/profile/1334734","https://www.opentable.com/restaurant/profile/1334734","","labeled happy-hour service hours","467"
"Houston","Seasons 52 Houston City Centre","842 W Sam Houston Pkwy N, Houston, 77024","4.8","3059","Happy hour","Mon, Tue, Wed, Thu, Fri 15:00–18:00","https://www.opentable.com/restaurant/profile/113188","https://www.opentable.com/restaurant/profile/113188","","published offer prose","468"
"Houston","Eugene's Gulf Coast Cuisine","1985 Welch Street, Houston, 77019","4.8","2898","Happy hour","Mon, Tue, Wed, Thu, Fri 16:00–19:00; Sun, Sat 14:00–17:00","https://www.opentable.com/restaurant/profile/20386","https://www.opentable.com/restaurant/profile/20386","","labeled happy-hour service hours","469"
"Houston","Hearsay Market Square","218 Travis Street, Houston, 77002","4.8","2560","HAPPY HOUR","Mon, Tue, Wed, Thu, Fri 15:00–18:00","https://www.opentable.com/restaurant/profile/72331","https://www.opentable.com/restaurant/profile/72331","","published offer prose","470"
"Houston","The Capital Grille - Houston","5365 Westheimer Rd, Houston, 77056","4.8","2493","Introducing Capital Hours","Mon, Tue, Wed, Thu, Fri 16:00–18:00","https://www.opentable.com/restaurant/profile/2058","https://www.opentable.com/restaurant/profile/2058","","published offer prose","471"
"Houston","Jonathan's The Rub at Campbell Place","9090 Katy Freeway, Houston, 77024","4.8","2286","Happy hour","Sun, Mon, Tue, Wed, Thu, Fri, Sat 15:00–18:00","https://www.opentable.com/restaurant/profile/212173","https://www.opentable.com/restaurant/profile/212173","","labeled happy-hour service hours","472"
"Houston","The Union Kitchen (Memorial Dr)","12538 Memorial Dr, Houston, 77024","4.8","2055","Happy hour","Mon, Tue, Wed, Thu 15:00–18:00; Fri 11:00–18:00","https://www.opentable.com/restaurant/profile/82522","https://www.opentable.com/restaurant/profile/82522","","labeled happy-hour service hours","473"
"Houston","Flora","3422 Allen Pkwy, Houston, 77019","4.8","1528","Happy Hour","Mon, Tue, Wed, Thu, Fri 14:00–18:00","https://www.opentable.com/restaurant/profile/1237570","https://www.opentable.com/restaurant/profile/1237570","","published offer prose","474"
"Houston","Pane e Vino","7109 Katy-Gaston Rd, Suite 1000, Katy, 77406","4.8","1360","Happy hour","Mon, Tue, Wed, Thu, Fri, Sat 14:00–18:00","https://www.opentable.com/restaurant/profile/1122400","https://www.opentable.com/restaurant/profile/1122400","","labeled happy-hour service hours","475"
"Houston","Relish Restaurant & Bar - River Oaks","2810 Westheimer Rd, Houston, 77098","4.8","1243","Happy hour","Mon, Tue, Wed, Thu, Fri, Sat 15:00–17:30","https://www.opentable.com/restaurant/profile/256162","https://www.opentable.com/restaurant/profile/256162","","labeled happy-hour service hours","476"
"Houston","Soto - Houston","224 Westheimer Rd, Houston, 77006-3222","4.8","736","Happy hour","Sun, Mon, Tue, Wed, Thu, Fri, Sat 17:00–18:30","https://www.opentable.com/restaurant/profile/1189579","https://www.opentable.com/restaurant/profile/1189579","","labeled happy-hour service hours","477"
"Houston","Del Vista Bar and Grill","6565 Del Monte St., Houston, 77057","4.8","435","Happy hour","Sun, Mon, Tue, Wed, Thu 17:00–18:30","https://www.opentable.com/restaurant/profile/190336","https://www.opentable.com/restaurant/profile/190336","","labeled happy-hour service hours","478"
"Houston","The Federal Grill - Downtown","1221 McKinney St ste g100, Houston, 77010-2011","4.8","386","Social Hour Monday - Friday | 3:00 - 7:00 pm","Mon, Tue, Wed, Thu, Fri 15:00–19:00","https://www.opentable.com/restaurant/profile/1341886","https://www.opentable.com/restaurant/profile/1341886","","published offer prose","479"
"Houston","Jonathan's The Rub - East End","2929 Navigation Blvd, Houston, 77003-1237","4.8","283","Happy hour","Sun, Mon, Tue, Wed, Thu, Fri, Sat 14:00–18:00","https://www.opentable.com/restaurant/profile/1353742","https://www.opentable.com/restaurant/profile/1353742","","labeled happy-hour service hours","480"
"Houston","The Nash","1111 Rusk St Ste 172, Houston, 77002-3421","4.8","176","Happy hour","Mon, Tue, Wed, Thu, Fri 15:00–18:00","https://www.opentable.com/restaurant/profile/1147336","https://www.opentable.com/restaurant/profile/1147336","","labeled happy-hour service hours","481"
"Houston","Willie G's","1640 West Loop S, Houston, 77027","4.7","4134","Happy hour","Mon, Tue, Wed, Thu, Fri 15:00–18:00","https://www.opentable.com/restaurant/profile/41329","https://www.opentable.com/restaurant/profile/41329","","labeled happy-hour service hours","482"
"Houston","The Original Ninfa's on Navigation","2704 Navigation Blvd, Houston, 77003","4.7","3524","Happy Hour","Mon, Tue, Wed, Thu, Fri 15:00–18:00","https://www.opentable.com/restaurant/profile/36604","https://www.opentable.com/restaurant/profile/36604","","published offer prose","483"
"Houston","Eunice","3737 Buffalo Speedway, Houston, 77098-3738","4.7","2936","Happy hour","Sun, Mon, Tue, Wed, Thu, Fri, Sat 15:00–18:00","https://www.opentable.com/restaurant/profile/990601","https://www.opentable.com/restaurant/profile/990601","","published offer prose","484"
"Houston","Grotto - Houston","4715 Westheimer, Houston, 77027","4.7","2447","Happy hour","Mon, Tue, Wed, Thu, Fri 11:00–19:00","https://www.opentable.com/restaurant/profile/64501","https://www.opentable.com/restaurant/profile/64501","","labeled happy-hour service hours","485"
"Houston","Laurenzo's Restaurant","4412 Washington Avenue, Houston, 77007","4.7","2410","Happy Hour","Sun, Mon, Tue, Wed, Thu, Fri, Sat 15:00–19:00","https://www.opentable.com/restaurant/profile/54640","https://www.opentable.com/restaurant/profile/54640","","published offer prose","486"
"Houston","Churrascos-Sugar Land","1520 Lake Pointe Parkway #500, Sugar Land, 77478","4.7","2368","Happy hour","Sun, Mon, Tue, Wed, Fri, Sat 16:00–19:00; Thu 11:00–21:00","https://www.opentable.com/restaurant/profile/70261","https://www.opentable.com/restaurant/profile/70261","","labeled happy-hour service hours","487"
"Houston","The Federal Grill - Hedwig Village","8731 Katy Freeway, Suite 150, Houston, 77024","4.7","2096","Social Hour 3 - 7 pm!","Sun, Mon, Tue, Wed, Thu, Fri, Sat 15:00–19:00","https://www.opentable.com/restaurant/profile/1066417","https://www.opentable.com/restaurant/profile/1066417","","published offer prose","488"
"Houston","Liberty Kitchen & Oysterette - River Oaks","4224 SAN FELIPE ST, Houston, 77027","4.7","1710","Life, Liberty & The Pursuit of Happy Hour","Tue, Wed, Thu, Fri 15:00–18:00","https://www.opentable.com/restaurant/profile/1081777","https://www.opentable.com/restaurant/profile/1081777","","published offer prose","489"
"Houston","Dario's Steakhouse & Seafood","14315 Cypress Rosehill Rd, Cypress, 77429","4.7","1525","Dario's Happy Hour Monday - Friday 3pm – 6 pm","Mon, Tue, Wed, Thu, Fri 15:00–18:00","https://www.opentable.com/restaurant/profile/221170","https://www.opentable.com/restaurant/profile/221170","","published offer prose","490"
"Houston","JOEY Uptown","5045 Westheimer Rd, Houston, 77056","4.7","1100","Happy hour","Mon, Tue, Wed, Thu, Fri 15:00–18:00","https://www.opentable.com/restaurant/profile/1255249","https://www.opentable.com/restaurant/profile/1255249","","labeled happy-hour service hours","491"
"Houston","Songkran Thai Kitchen - Galleria","1101 - 8 Uptown Park, Houston, 77056","4.7","949","Happy hour","Mon, Tue, Wed, Thu, Fri 17:00–18:30","https://www.opentable.com/restaurant/profile/144523","https://www.opentable.com/restaurant/profile/144523","","labeled happy-hour service hours","492"
"Houston","Kin Dee Thai Cuisine","1533 N Shepherd Dr, Ste 160, Houston, 77008-3755","4.7","918","Happy Hours Mon-Fri 5-6PM, Sat-Sun 3-5PM","Mon, Tue, Wed, Thu, Fri 17:00–18:00; Sun, Sat 15:00–17:00","https://www.opentable.com/restaurant/profile/1075042","https://www.opentable.com/restaurant/profile/1075042","","multiple published offer windows","493"
"Houston","Warehouse 72","7620 Katy Freeway, Suite 305, Houston, 77024","4.7","913","Happy hour","Tue, Wed, Thu, Fri 16:00–19:00","https://www.opentable.com/restaurant/profile/1034221","https://www.opentable.com/restaurant/profile/1034221","","labeled happy-hour service hours","494"
"Houston","B.B. Italia Bistro & Bar - Sugar Land","16250 City Walk, Sugar Land, 77479","4.7","865","Aperitivo Italiano aka Happy Hour!","Mon, Tue, Wed, Thu, Fri 14:00–18:00","https://www.opentable.com/restaurant/profile/1267123","https://www.opentable.com/restaurant/profile/1267123","","published offer prose","495"
"Houston","The Marigold Club","2531 Kuester St, Houston, 77006-2456","4.7","749","Happy hour","Sun, Tue, Wed, Thu, Fri, Sat 17:00–18:00","https://www.opentable.com/restaurant/profile/1287526","https://www.opentable.com/restaurant/profile/1287526","","labeled happy-hour service hours","496"
"Houston","Roost Houston","1972 Fairview St, Houston, 77019","4.7","660","Happy hour","Mon, Tue 16:30–21:30; Wed, Thu, Fri 16:30–18:30","https://www.opentable.com/restaurant/profile/1054810","https://www.opentable.com/restaurant/profile/1054810","","labeled happy-hour service hours","497"
"Houston","Tobiuo Sushi & Bar","23501 Cinco Ranch Blvd, Ste H130, Katy, 77494","4.7","621","Happy hour","Sun, Mon, Tue, Wed, Thu, Fri, Sat 14:00–17:00","https://www.opentable.com/restaurant/profile/1005277","https://www.opentable.com/restaurant/profile/1005277","","labeled happy-hour service hours","498"
"Houston","Relish Restaurant & Bar - Town and Country","12850 Memorial Dr 1130, Houston, 77024","4.7","542","Happy hour","Mon, Tue, Wed, Thu, Fri 15:00–17:30","https://www.opentable.com/restaurant/profile/1395952","https://www.opentable.com/restaurant/profile/1395952","","published offer prose","499"
"Houston","Rosie Cannonball","1620 Westheimer Rd, Houston, 77006-3728","4.7","482","Happy hour","Sun, Mon, Tue, Wed, Thu, Fri, Sat 21:30–22:30","https://www.opentable.com/restaurant/profile/1125094","https://www.opentable.com/restaurant/profile/1125094","","published offer prose","500"
"Houston","Gyu-Kaku Japanese BBQ - Houston, TX | Memorial","11301 Katy Fwy, Houston, 77079","4.7","387","Happy hour","Sun, Mon, Tue, Wed, Thu, Fri, Sat 11:00–18:00; Sun, Mon, Tue, Wed, Thu 21:00–22:15","https://www.opentable.com/restaurant/profile/1043965","https://www.opentable.com/restaurant/profile/1043965","","labeled happy-hour service hours","501"
"Houston","The Audrey Restaurant & Bar - Post Oak","1616 Post Oak Blvd. 1A., Houston, 77056","4.7","149","Happy Hour","Mon, Tue, Wed, Thu, Fri 15:00–18:00","https://www.opentable.com/restaurant/profile/1477795","https://www.opentable.com/restaurant/profile/1477795","","published offer prose","502"
"Houston","Kitchen Rumors","2310 Decatur St, Houston, 77007-7519","4.7","132","Happy Hour at the Bar & Patio","Sun, Mon, Tue, Wed, Thu, Fri, Sat 16:00–22:00","https://www.opentable.com/restaurant/profile/1423249","https://www.opentable.com/restaurant/profile/1423249","Available in the bar or patio seating described in the offer.","published offer prose","503"
"Houston","Candelari's Italiano","2617 W Holcombe Blvd, Houston, 77025","4.7","103","Happy Hour","Tue, Wed, Thu, Fri 14:00–18:00","https://www.opentable.com/restaurant/profile/226702","https://www.opentable.com/restaurant/profile/226702","Available in the bar or patio seating described in the offer.","published offer prose","504"
"Houston","B&B Butchers - Houston","1814 Washington Ave, Houston, 77007","4.6","7492","B&B Happy Hour","Mon, Tue, Wed, Thu, Fri 14:00–17:00","https://www.opentable.com/restaurant/profile/160951","https://www.opentable.com/restaurant/profile/160951","Available in the bar or patio seating described in the offer.","published offer prose","505"
"Houston","State of Grace","3258 Westheimer Rd, Houston, 77098","4.6","3807","Happy hour","Mon, Tue, Wed, Thu 17:00–18:00; Fri 11:00–18:00","https://www.opentable.com/restaurant/profile/253744","https://www.opentable.com/restaurant/profile/253744","","labeled happy-hour service hours","506"
"Houston","Guard and Grace - Houston","One Allen Center 500 Dallas Street, Houston, 77002","4.6","2587","Happy hour","Mon, Tue, Wed, Thu, Fri 14:00–16:30","https://www.opentable.com/restaurant/profile/1053370","https://www.opentable.com/restaurant/profile/1053370","","labeled happy-hour service hours","507"
"Houston","Marmo - Houston","888 Westheimer Rd, suite 109, Houston, 77006-3918","4.6","1892","Happy hour","Sun, Mon, Tue, Wed, Thu, Fri, Sat 15:00–18:00","https://www.opentable.com/restaurant/profile/1234294","https://www.opentable.com/restaurant/profile/1234294","Special seating is first come, first served.","published offer prose","508"
"Houston","The Annie Café & Bar","1800 Post Oak, Houston, 77056","4.6","1678","The Annie Happy Hour!","Tue, Wed, Thu, Fri 15:00–18:00","https://www.opentable.com/restaurant/profile/1812","https://www.opentable.com/restaurant/profile/1812","","published offer prose","509"
"Chicago","The Capital Grille - Chicago - Downtown","633 N Saint Clair St, Chicago, 60611","4.9","4920","Introducing Capital Hours","Mon, Tue, Wed, Thu, Fri 15:00–18:00","https://www.opentable.com/restaurant/profile/2053","https://www.opentable.com/restaurant/profile/2053","","published offer prose","510"
"Chicago","The Franklin Room","675 N. Franklin St., Chicago, 60654","4.9","2122","Happy Hour Bar Snacks","Sat 17:00–18:30","https://www.opentable.com/restaurant/profile/148993","https://www.opentable.com/restaurant/profile/148993","","published offer prose","511"
"Chicago","Kie-Gol-Lanee - Uptown","5004 N Sheridan Rd, Chicago, 60640","4.9","509","Happy hour","Mon, Wed, Thu 15:30–17:30","https://www.opentable.com/restaurant/profile/1283218","https://www.opentable.com/restaurant/profile/1283218","","labeled happy-hour service hours","512"
"Chicago","Gaijin","950 W Lake St, Chicago, 60607","4.9","361","Try Our Happy Hour Specials Starting At $5!","Mon, Tue, Wed, Thu 16:00–18:00","https://www.opentable.com/restaurant/profile/1054264","https://www.opentable.com/restaurant/profile/1054264","","published offer prose","513"
"Chicago","Café Ba-Ba-Reeba","2024 North Halsted St., Chicago, 60614","4.8","9877","Happy hour","Sun, Mon, Tue, Wed, Thu, Fri, Sat 16:00–18:00","https://www.opentable.com/restaurant/profile/1162","https://www.opentable.com/restaurant/profile/1162","","published offer prose","514"
"Chicago","Mon Ami Gabi","2300 N. Lincoln Park West, Chicago, 60614","4.8","9042","Happy hour","Sun 11:00–14:00","https://www.opentable.com/restaurant/profile/489","https://www.opentable.com/restaurant/profile/489","","published offer prose","515"
"Chicago","RPM Steak","66 West Kinzie St, Chicago, 60654","4.8","7031","Proper Bar Happy Hour","Mon, Tue, Wed, Thu, Fri 16:00–17:30","https://www.opentable.com/restaurant/profile/144913","https://www.opentable.com/restaurant/profile/144913","","published offer prose","516"
"Chicago","Tanta","118 West Grand Ave, Chicago, 60654","4.8","5405","Happy Hour","Mon, Tue, Wed, Thu, Fri 16:00–18:00","https://www.opentable.com/restaurant/profile/114397","https://www.opentable.com/restaurant/profile/114397","","published offer prose","517"
"Chicago","Robert's Pizza and Dough Company","465 N McClurg Ct, Chicago, 60611","4.8","3101","Happy Hour","Mon, Tue, Wed, Thu, Fri 15:30–17:30","https://www.opentable.com/restaurant/profile/1044013","https://www.opentable.com/restaurant/profile/1044013","","published offer prose","518"
"Chicago","El Che Steakhouse & Bar","845 W Washington Blvd, Chicago, 60607","4.8","2703","Happy hour","Sun, Mon, Tue, Wed, Thu, Fri, Sat 17:00–18:00","https://www.opentable.com/restaurant/profile/249517","https://www.opentable.com/restaurant/profile/249517","","labeled happy-hour service hours","519"
"Chicago","Brasero","1709 W Chicago Ave, Chicago, 60622-5009","4.8","829","Happy hour","Tue, Wed, Thu, Fri, Sat 17:00–19:00; Sun 17:00–21:00","https://www.opentable.com/restaurant/profile/1327507","https://www.opentable.com/restaurant/profile/1327507","","labeled happy-hour service hours","520"
"Chicago","Lil' Ba-Ba-Reeba!","441 N Clark St, Chicago, 60654-4540","4.8","773","Happy hour","Mon, Tue, Wed, Thu, Fri 15:30–17:30","https://www.opentable.com/restaurant/profile/1168585","https://www.opentable.com/restaurant/profile/1168585","","labeled happy-hour service hours","521"
"Chicago","Cafe El Tapatio","3400 N. Ashland Ave, Chicago, 60657","4.8","411","$6 Happy Hour Everyday","Sun, Mon, Tue, Wed, Thu, Fri, Sat 16:00–18:00","https://www.opentable.com/restaurant/profile/346963","https://www.opentable.com/restaurant/profile/346963","","published offer prose","522"
"Chicago","Taste 222","222 N Canal St, Chicago, 60606","4.8","361","Happy hour","Mon, Tue, Wed, Thu, Fri 15:00–17:00","https://www.opentable.com/restaurant/profile/1030780","https://www.opentable.com/restaurant/profile/1030780","","labeled happy-hour service hours","523"
"Chicago","RAMEN-SAN - Lincoln Park","1962 N Halsted St, Chicago, 60614-5009","4.8","348","Happy hour","Mon, Tue, Wed, Thu, Fri 15:00–18:00","https://www.opentable.com/restaurant/profile/1271785","https://www.opentable.com/restaurant/profile/1271785","","published offer prose","524"
"Chicago","S.K.Y. Restaurant","2300 N Lincoln Park W, Chicago, 60614","4.8","307","The Belden Hour | A Happy Hour S.K.Y. style","Sun, Mon, Tue, Wed, Thu 16:30–18:30","https://www.opentable.com/restaurant/profile/991714","https://www.opentable.com/restaurant/profile/991714","Available in the bar area only.","published offer prose","525"
"Chicago","Avli Taverna - Lincoln Park","1335 W Wrightwood Ave, Chicago, 60614-1273","4.8","276","Happy hour","Mon, Tue, Wed, Thu, Fri 15:00–18:00","https://www.opentable.com/restaurant/profile/1039537","https://www.opentable.com/restaurant/profile/1039537","","labeled happy-hour service hours","526"
"Chicago","Kit Kat Club","3524 North Halsted Street, Chicago, 60657","4.8","269","Happy Hour at Kit Kat","Tue, Wed, Thu 16:00–19:00","https://www.opentable.com/restaurant/profile/195718","https://www.opentable.com/restaurant/profile/195718","","published offer prose","527"
"Chicago","Spice by CMB","2853 N Kedzie Ave, Chicago, 60618-7601","4.8","171","Happy hour","Wed, Thu, Fri 16:00–18:30","https://www.opentable.com/restaurant/profile/1409938","https://www.opentable.com/restaurant/profile/1409938","","published offer prose","528"
"Chicago","Eight Bar at Maple & Ash Chicago","8 W Maple St, Chicago, 60610","4.8","112","Happy hour","Mon, Tue, Wed, Thu, Fri 15:00–18:00","https://www.opentable.com/restaurant/profile/269701","https://www.opentable.com/restaurant/profile/269701","","labeled happy-hour service hours","529"
"Chicago","Pompette","1960 N Damen Ave, Chicago, 60647-4565","4.8","100","Happy hour","Sun, Wed, Thu, Fri, Sat 15:00–18:00","https://www.opentable.com/restaurant/profile/1283197","https://www.opentable.com/restaurant/profile/1283197","","labeled happy-hour service hours","530"
"Chicago","RPM Italian - Chicago","52 West Illinois, Chicago, 60654","4.7","12930","RPM Italian Happy Hour","Mon, Tue, Wed, Thu, Fri 16:00–18:00","https://www.opentable.com/restaurant/profile/80437","https://www.opentable.com/restaurant/profile/80437","","published offer prose","531"
"Chicago","Hugo's Frog Bar & Fish House - Chicago","1024 N Rush St, Chicago, 60611","4.7","5792","Half-Priced Oyster Happy Hour at Hugo’s Chicago","Sun, Mon, Tue, Wed, Thu 15:00–18:00","https://www.opentable.com/restaurant/profile/1892","https://www.opentable.com/restaurant/profile/1892","Available in the bar area only.","published offer prose","532"
"Chicago","The Dearborn","145 N Dearborn St, Chicago, 60602","4.7","5561","Happy Hour Mondays 4pm-6pm","Mon 16:00–18:00","https://www.opentable.com/restaurant/profile/231262","https://www.opentable.com/restaurant/profile/231262","","published offer prose","533"
"Chicago","Athena Restaurant","212 S Halsted St, Chicago, 60661","4.7","3163","Athena Happy Hour 🎉","Mon, Tue, Wed, Thu, Fri 15:00–17:00","https://www.opentable.com/restaurant/profile/114994","https://www.opentable.com/restaurant/profile/114994","","published offer prose","534"
"Chicago","The Dawson","730 West Grand Ave, Chicago, 60654","4.7","2934","Happy Hour","Tue, Wed, Thu, Fri 16:00–18:00","https://www.opentable.com/restaurant/profile/112060","https://www.opentable.com/restaurant/profile/112060","","published offer prose","535"
"Chicago","Prosecco","710 North Wells Street, Chicago, 60610","4.7","2764","Happy Hour at Prosecco in the Bar","Tue, Wed, Thu, Fri, Sat 16:00–18:00","https://www.opentable.com/restaurant/profile/18064","https://www.opentable.com/restaurant/profile/18064","","published offer prose","536"
"Chicago","The Oakville Grill & Cellar","163 N Green St, Chicago, 60607","4.7","1779","Happy hour","Mon, Tue, Wed, Thu, Fri 16:00–18:00","https://www.opentable.com/restaurant/profile/1279912","https://www.opentable.com/restaurant/profile/1279912","","published offer prose","537"
"Chicago","Osteria Langhe","2824 West Armitage Avenue, Chicago, 60647","4.7","1321","Happy Hour","Fri 17:00–18:00","https://www.opentable.com/restaurant/profile/149062","https://www.opentable.com/restaurant/profile/149062","","published offer prose","538"
"Chicago","BITES Asian Kitchen & Bar","3313 N. Clark St., Chicago, 60657","4.7","1267","Happy Hour!","Mon, Tue, Wed, Thu, Fri 16:00–18:00","https://www.opentable.com/restaurant/profile/147745","https://www.opentable.com/restaurant/profile/147745","","published offer prose","539"
"Chicago","Kindling | Downtown Cookout & Cocktails","202 S Franklin St, Chicago, 60606","4.7","1017","Happy hour","Mon, Tue, Wed, Thu, Fri 15:00–17:30","https://www.opentable.com/restaurant/profile/1273309","https://www.opentable.com/restaurant/profile/1273309","","labeled happy-hour service hours","540"
"Chicago","Tanoshii - West Loop","720 W Randolph, Chicago, 60661","4.7","842","Happy hour","Sun, Mon, Tue, Wed, Thu, Fri, Sat 16:30–18:00","https://www.opentable.com/restaurant/profile/151522","https://www.opentable.com/restaurant/profile/151522","","labeled happy-hour service hours","541"
"Chicago","Broken English Taco Pub - Lake Street","75 E Lake St, Chicago, 60601","4.7","769","Happy hour","Tue, Wed, Thu, Fri 15:00–18:00","https://www.opentable.com/restaurant/profile/261832","https://www.opentable.com/restaurant/profile/261832","","labeled happy-hour service hours","542"
"Chicago","Avli on The Park - Lakeshore East","180 N Field Blvd, Chicago, 60601","4.7","675","Happy hour","Mon, Tue, Wed, Thu, Fri 15:00–18:00","https://www.opentable.com/restaurant/profile/1280989","https://www.opentable.com/restaurant/profile/1280989","","labeled happy-hour service hours","543"
"Chicago","Butcher and the Bear","2721 N Halsted St, Chicago, 60614-1413","4.7","594","Happy hour","Sun, Tue, Wed, Thu 16:00–18:00","https://www.opentable.com/restaurant/profile/1312222","https://www.opentable.com/restaurant/profile/1312222","","labeled happy-hour service hours","544"
"Chicago","Adalina Prime","360 N Green St, Chicago, 60607","4.7","577","Happy Hour","Mon, Tue, Wed, Thu, Fri 16:00–18:00","https://www.opentable.com/restaurant/profile/1438498","https://www.opentable.com/restaurant/profile/1438498","","published offer prose","545"
"Chicago","Basant Modern Indian","1939 W Byron St, Chicago, 60613","4.7","548","Happy Hour, Best Hour!","Wed, Thu 17:00–18:00; Sun 15:00–17:00; Fri, Sat 17:00–18:00","https://www.opentable.com/restaurant/profile/1164295","https://www.opentable.com/restaurant/profile/1164295","Available in the bar area only. Available for dine-in guests only.","multiple published offer windows","546"
"Chicago","Andros Taverna","2542 N Milwaukee Ave, Chicago, 60647","4.7","449","Andros Taverna Happy Hour!","Mon, Tue, Wed, Thu 16:00–18:30","https://www.opentable.com/restaurant/profile/1198297","https://www.opentable.com/restaurant/profile/1198297","","published offer prose","547"
"Chicago","RAMEN-SAN - River North","59 W Hubbard St, Chicago, 60654-4603","4.7","448","Happy hour","Mon, Tue, Wed, Thu, Fri 15:00–18:00","https://www.opentable.com/restaurant/profile/1081303","https://www.opentable.com/restaurant/profile/1081303","","published offer prose","548"
"Chicago","Beatrix - Loop","155 N Upper Wacker Dr, Chicago, 60606","4.7","404","Happy hour","Mon, Tue, Wed, Thu, Fri 15:00–18:00","https://www.opentable.com/restaurant/profile/1237885","https://www.opentable.com/restaurant/profile/1237885","","labeled happy-hour service hours","549"
"Chicago","Cafe Con Leche","2710 N. Milwaukee Ave, Chicago, 60647","4.7","363","Happy Hour","Mon, Tue, Wed, Thu, Fri 15:00–18:00","https://www.opentable.com/restaurant/profile/59497","https://www.opentable.com/restaurant/profile/59497","","published offer prose","550"
"Chicago","Mano a Mano","2534 N Milwaukee Ave, Chicago, 60647","4.7","360","Mano a Mano Happy Hour!","Mon, Tue, Wed, Thu 16:00–18:00","https://www.opentable.com/restaurant/profile/1363348","https://www.opentable.com/restaurant/profile/1363348","","published offer prose","551"
"Chicago","Avli - River North","702 N Wells St, Chicago, 60654-3510","4.7","316","Happy hour","Mon, Tue, Wed, Thu, Fri 15:00–18:00","https://www.opentable.com/restaurant/profile/1280986","https://www.opentable.com/restaurant/profile/1280986","","labeled happy-hour service hours","552"
"Chicago","Shine","756 West Webster, Chicago, 60614","4.7","271","Happy Hour","Mon, Tue, Wed, Thu, Fri 16:00–18:00","https://www.opentable.com/restaurant/profile/19396","https://www.opentable.com/restaurant/profile/19396","","published offer prose","553"
"Chicago","Trino","738 W Randolph St, Chicago, 60661-2104","4.7","235","Happy Hour: 4:30-7PM","Sun, Mon, Tue, Wed, Thu, Fri, Sat 16:30–19:00","https://www.opentable.com/restaurant/profile/1438867","https://www.opentable.com/restaurant/profile/1438867","","published offer prose","554"
"Chicago","Seville Chicago","243 S Franklin St, Chicago, 60606-4629","4.7","145","Happy Hour","Mon, Tue, Wed, Thu, Fri 15:30–17:30","https://www.opentable.com/restaurant/profile/1327990","https://www.opentable.com/restaurant/profile/1327990","","published offer prose","555"
"Chicago","Nic + Junior's","405 N Wabash Ave, Chicago, 60611","4.7","135","Happy hour","Tue, Wed, Thu 16:00–18:00; Fri, Sat 12:00–18:00","https://www.opentable.com/restaurant/profile/1438594","https://www.opentable.com/restaurant/profile/1438594","","labeled happy-hour service hours","556"
"Chicago","Summer House - Chicago","1954 N Halsted St, Chicago, 60614","4.6","9056","Happy hour","Mon, Tue, Wed, Thu, Fri 15:00–18:00","https://www.opentable.com/restaurant/profile/114562","https://www.opentable.com/restaurant/profile/114562","","labeled happy-hour service hours","557"
"Chicago","Mercadito - River North","108 W. Kinzie, Chicago, 60654","4.6","6677","Happy Hour at Mercadito","Mon, Tue, Wed, Thu, Fri 15:00–17:30","https://www.opentable.com/restaurant/profile/35542","https://www.opentable.com/restaurant/profile/35542","","published offer prose","558"
"Columbus","Hyde Park Prime Steakhouse-Downtown Columbus","569 N High St, Columbus, 43215-2080","4.9","2539","Happy hour","Mon, Tue, Wed, Thu, Fri 16:30–18:00","https://www.opentable.com/restaurant/profile/275590","https://www.opentable.com/restaurant/profile/275590","","labeled happy-hour service hours","559"
"Columbus","Three Creeks Kitchen and Cocktails","258 Granville St, Gahanna, 43230-2945","4.9","828","Happy hour","Mon, Tue, Wed, Thu, Fri 16:00–18:00","https://www.opentable.com/restaurant/profile/1378843","https://www.opentable.com/restaurant/profile/1378843","","labeled happy-hour service hours","560"
"Columbus","The Avenue - Grandview","1307 Grandview Avenue Suite 3013, Columbus, 43212","4.8","4436","Happy hour","Mon, Tue, Wed, Thu, Fri 16:00–18:00","https://www.opentable.com/restaurant/profile/210835","https://www.opentable.com/restaurant/profile/210835","Available in the bar or patio seating described in the offer.","published offer prose","561"
"Columbus","The Guild House - Columbus","624 North High Street, Columbus, 43215","4.8","4420","Happy hour","Mon, Tue, Wed, Thu, Fri 16:00–18:00","https://www.opentable.com/restaurant/profile/157519","https://www.opentable.com/restaurant/profile/157519","","labeled happy-hour service hours","562"
"Columbus","Forno Kitchen and Bar","721 North High St, Columbus, 43215","4.8","3293","Happy hour","Mon, Tue, Wed, Thu, Fri 16:00–18:00","https://www.opentable.com/restaurant/profile/161056","https://www.opentable.com/restaurant/profile/161056","","labeled happy-hour service hours","563"
"Columbus","South Village Grille","197 Thurman Ave, Columbus, 43206","4.8","1347","Happy hour","Mon, Tue, Wed, Thu, Fri 15:00–18:00; Sun, Sat 15:00–17:00","https://www.opentable.com/restaurant/profile/1041577","https://www.opentable.com/restaurant/profile/1041577","","labeled happy-hour service hours","564"
"Columbus","Del Mar - Easton","4089 The Strand E, Columbus, 43219-6131","4.8","1342","Happy hour","Mon, Tue, Wed, Thu, Fri 15:00–18:00","https://www.opentable.com/restaurant/profile/1355707","https://www.opentable.com/restaurant/profile/1355707","","labeled happy-hour service hours","565"
"Columbus","['plas]","21 E 5th Ave #101, Columbus, 43201-4530","4.8","837","Happy hour","Tue, Wed, Thu, Fri 16:00–18:00","https://www.opentable.com/restaurant/profile/1174057","https://www.opentable.com/restaurant/profile/1174057","","labeled happy-hour service hours","566"
"Columbus","Rusty Bucket - Dublin","6726 Perimeter Loop Rd, Dublin, 43017-3202","4.8","609","Happy Hour!!! M - F; 3-6pm Anywhere in the Bucket!","Mon, Tue, Wed, Thu, Fri 15:00–18:00","https://www.opentable.com/restaurant/profile/783658","https://www.opentable.com/restaurant/profile/783658","","published offer prose","567"
"Columbus","The Capital Grille - Columbus","1827 Olentangy River Rd, Columbus, 43212-1496","4.8","591","Introducing Capital Hours","Mon, Tue, Wed, Thu, Fri 15:00–18:00","https://www.opentable.com/restaurant/profile/1365691","https://www.opentable.com/restaurant/profile/1365691","","published offer prose","568"
"Columbus","Rusty Bucket - Worthington","7800 Olentangy River Rd, Columbus, 43235","4.8","561","Happy Hour!!! M - F; 3-6pm Anywhere in the Bucket!","Mon, Tue, Wed, Thu, Fri 15:00–18:00","https://www.opentable.com/restaurant/profile/413764","https://www.opentable.com/restaurant/profile/413764","","published offer prose","569"
"Columbus","Rusty Bucket - Clintonville","4109 N High St, Columbus, 43214-3233","4.8","447","Happy Hour!!! M - F; 3-6pm Anywhere in the Bucket!","Mon, Tue, Wed, Thu, Fri 15:00–18:00","https://www.opentable.com/restaurant/profile/790552","https://www.opentable.com/restaurant/profile/790552","","published offer prose","570"
"Columbus","Rusty Bucket - Bexley","2158 E Main St, Columbus, 43209","4.8","355","Happy Hour!!! M - F; 3-6pm Anywhere in the Bucket!","Mon, Tue, Wed, Thu, Fri 15:00–18:00","https://www.opentable.com/restaurant/profile/594391","https://www.opentable.com/restaurant/profile/594391","","published offer prose","571"
"Columbus","J. Gilbert’s – Wood Fired Steaks & Seafood - Worthington","One East Campus View, Worthington, 43235","4.7","7860","Happy hour","Sun, Mon, Tue, Wed, Thu, Fri 16:00–19:00","https://www.opentable.com/restaurant/profile/6184","https://www.opentable.com/restaurant/profile/6184","","labeled happy-hour service hours","572"
"Columbus","Eddie Merlot's Prime Aged Beef & Seafood - Columbus","1570 Polaris Parkway, Columbus, 43240","4.7","6008","Happy hour","Mon, Tue, Wed, Thu 16:00–18:30","https://www.opentable.com/restaurant/profile/18712","https://www.opentable.com/restaurant/profile/18712","","labeled happy-hour service hours","573"
"Columbus","Mezzo - Dublin","12 W. Bridge St, Dublin, 43017","4.7","3147","Happy hour","Sun, Mon, Tue, Wed, Thu, Fri 16:00–18:00","https://www.opentable.com/restaurant/profile/62740","https://www.opentable.com/restaurant/profile/62740","","published offer prose","574"
"Columbus","Napa Kitchen + Bar - Dublin","7148 Muirfield Dr, Dublin, 43017","4.7","2854","Happy hour","Mon, Tue, Wed, Thu, Fri 15:00–18:00","https://www.opentable.com/restaurant/profile/269368","https://www.opentable.com/restaurant/profile/269368","","labeled happy-hour service hours","575"
"Columbus","Barcelona Restaurant & Bar","263 E. Whittier St., Columbus, 43206","4.7","2422","Happy hour","Tue, Wed, Thu, Fri, Sat 16:00–18:00","https://www.opentable.com/restaurant/profile/5325","https://www.opentable.com/restaurant/profile/5325","","labeled happy-hour service hours","576"
"Columbus","The Wine Bistro - Upper Arlington","1750 W. Lane Ave, Columbus, 43221","4.7","1348","Happy hour","Mon, Tue, Wed, Thu, Fri 15:00–18:00; Sat 11:00–17:00","https://www.opentable.com/restaurant/profile/103939","https://www.opentable.com/restaurant/profile/103939","","labeled happy-hour service hours","577"
"Columbus","Hank's Low Country Seafood & Raw Bar","6 W Gay St Columbus Ohio, 43215 United States, Columbus, 43215","4.7","1095","High Tide Happy Hour","Sun, Tue, Wed, Thu, Fri, Sat 16:00–18:00","https://www.opentable.com/restaurant/profile/1352380","https://www.opentable.com/restaurant/profile/1352380","","published offer prose","578"
"Columbus","Napa Kitchen + Bar - Westerville","925 N State Street, Westerville, 43082","4.7","1010","Happy hour","Mon, Tue, Wed, Thu, Fri 15:00–18:00","https://www.opentable.com/restaurant/profile/1078006","https://www.opentable.com/restaurant/profile/1078006","","labeled happy-hour service hours","579"
"Columbus","Mastro’s Steakhouse - Columbus","3965 New Bond St, Columbus, 43219-6131","4.7","769","Happy hour","Sun, Mon, Tue, Wed, Thu, Fri, Sat 16:00–18:00","https://www.opentable.com/restaurant/profile/1412224","https://www.opentable.com/restaurant/profile/1412224","","labeled happy-hour service hours","580"
"Columbus","Rusty Bucket - Westerville","400 Polaris Pkwy, Westerville, 43082","4.7","648","Happy Hour!!! M - F; 3-6pm Anywhere in the Bucket!","Mon, Tue, Wed, Thu, Fri 15:00–18:00","https://www.opentable.com/restaurant/profile/673372","https://www.opentable.com/restaurant/profile/673372","","published offer prose","581"
"Columbus","Rusty Bucket - New Albany","180 Market St, New Albany, 43054","4.7","491","Happy Hour!!! M - F; 3-6pm Anywhere in the Bucket!","Mon, Tue, Wed, Thu, Fri 15:00–18:00","https://www.opentable.com/restaurant/profile/640450","https://www.opentable.com/restaurant/profile/640450","","published offer prose","582"
"Columbus","Rusty Bucket - Hilliard","3901 Britton Pkwy, Hilliard, 43026","4.7","388","Happy Hour!!! M - F; 3-6pm Anywhere in the Bucket!","Mon, Tue, Wed, Thu, Fri 15:00–18:00","https://www.opentable.com/restaurant/profile/708895","https://www.opentable.com/restaurant/profile/708895","","published offer prose","583"
"Columbus","Rusty Bucket - Gahanna","73 N Hamilton Rd, Gahanna, 43230-2601","4.7","316","Happy Hour!!! M - F; 3-6pm Anywhere in the Bucket!","Mon, Tue, Wed, Thu, Fri 15:00–18:00","https://www.opentable.com/restaurant/profile/753004","https://www.opentable.com/restaurant/profile/753004","","published offer prose","584"
"Columbus","North High Brewing - Westerville","240 S State St, Westerville, 43081-2233","4.7","205","Happy hour","Mon, Tue, Wed, Thu, Fri 15:00–18:00","https://www.opentable.com/restaurant/profile/1322803","https://www.opentable.com/restaurant/profile/1322803","","labeled happy-hour service hours","585"
"Columbus","Cooper's Hawk Winery & Restaurant - Columbus, OH","4230 The Strand, Columbus, 43219","4.6","11703","Wine ‘O’ Clock Happy Hour | Mon-Fri 3 - 5:30 pm","Mon, Tue, Wed, Thu, Fri 15:00–17:30","https://www.opentable.com/restaurant/profile/113596","https://www.opentable.com/restaurant/profile/113596","","published offer prose","586"
"Columbus","SoCal Kitchen + Bar","705 N High St, Columbus, 43215","4.6","2564","Happy hour","Mon, Tue, Wed, Thu, Fri 16:00–18:00; Sun 15:00–21:00","https://www.opentable.com/restaurant/profile/1035001","https://www.opentable.com/restaurant/profile/1035001","","labeled happy-hour service hours","587"
"Columbus","The Whitney House","666 High Street, Worthington, 43085","4.6","2412","Happy hour","Tue, Wed, Thu, Fri 16:00–18:00","https://www.opentable.com/restaurant/profile/159403","https://www.opentable.com/restaurant/profile/159403","","published offer prose","588"
"Columbus","The Eagle Short North","790 N High St, Columbus, 43215","4.6","600","Happy Hour","Mon, Tue, Wed, Thu, Fri 16:00–18:00","https://www.opentable.com/restaurant/profile/347113","https://www.opentable.com/restaurant/profile/347113","","published offer prose","589"
"Columbus","Rusty Bucket - Arlington","1635 W Lane Ave, Columbus, 43221-3339","4.6","437","Happy Hour!!! M - F; 3-6pm Anywhere in the Bucket!","Mon, Tue, Wed, Thu, Fri 15:00–18:00","https://www.opentable.com/restaurant/profile/806704","https://www.opentable.com/restaurant/profile/806704","","published offer prose","590"
"Columbus","Napa Kitchen + Bar - Easton","4055 The Strand W, Columbus, 43219-6131","4.6","354","Happy hour","Mon, Tue, Wed, Thu, Fri 15:00–18:00","https://www.opentable.com/restaurant/profile/1408546","https://www.opentable.com/restaurant/profile/1408546","","labeled happy-hour service hours","591"
"Columbus","Two Rivers Restaurant and Bar","4046 Powell Rd, Powell, 43065","4.6","133","Happy hour","Sun, Mon, Tue, Wed, Thu, Fri, Sat 15:00–18:00","https://www.opentable.com/restaurant/profile/1456813","https://www.opentable.com/restaurant/profile/1456813","","published offer prose","592"
"Columbus","Trattoria Roma on Grandview Avenue","1447 Grandview Ave, Columbus, 43212","4.5","1768","Happy hour","Sun, Mon, Tue, Wed, Thu, Fri, Sat 16:00–18:00","https://www.opentable.com/restaurant/profile/4148","https://www.opentable.com/restaurant/profile/4148","","published offer prose","593"
"Columbus","Tupelo Honey - Columbus","1678 W Lane Ave, Columbus, 43221-3340","4.5","1079","Hoot & Holler Happy Hour","Mon, Tue, Wed, Thu, Fri 16:00–18:00","https://www.opentable.com/restaurant/profile/1256476","https://www.opentable.com/restaurant/profile/1256476","","published offer prose","594"
"Columbus","Goodale Station","77 Nationwide Blvd., Columbus, 43215","4.5","1008","Happy hour","Mon, Tue, Wed, Thu, Fri 16:00–18:00","https://www.opentable.com/restaurant/profile/1049035","https://www.opentable.com/restaurant/profile/1049035","","labeled happy-hour service hours","595"
"Columbus","Rusty Bucket - Easton","4062 Gramercy St, Columbus, 43219","4.5","317","Happy Hour!!! M - F; 3-6pm Anywhere in the Bucket!","Mon, Tue, Wed, Thu, Fri 15:00–18:00","https://www.opentable.com/restaurant/profile/657076","https://www.opentable.com/restaurant/profile/657076","","published offer prose","596"
"Columbus","P.F. Chang's - Columbus","4040 Townsfair Way, Columbus, 43219","4.5","290","NEW Happy Hour starting at $6","Mon, Tue, Wed, Thu, Fri 15:00–18:00","https://www.opentable.com/restaurant/profile/332221","https://www.opentable.com/restaurant/profile/332221","","published offer prose","597"
"Jacksonville","City Grille & Raw Bar","1314 Prudential Dr, Jacksonville, 32207-8130","4.9","878","Happy hour","Sun, Tue, Wed, Thu, Fri 15:00–18:00","https://www.opentable.com/restaurant/profile/1241533","https://www.opentable.com/restaurant/profile/1241533","","labeled happy-hour service hours","598"
"Jacksonville","Seasons 52 - Jacksonville","5096 Big Island Dr, Jacksonville, 32246","4.8","6164","Happy hour","Mon, Tue, Wed, Thu, Fri 15:00–18:00","https://www.opentable.com/restaurant/profile/68785","https://www.opentable.com/restaurant/profile/68785","","published offer prose","599"
"Jacksonville","Chophouse Thirteen","11362-1 San Jose Blvd, Jacksonville, 32223","4.8","2509","Happy hour","Mon, Tue, Wed, Thu, Fri 16:00–18:30","https://www.opentable.com/restaurant/profile/33607","https://www.opentable.com/restaurant/profile/33607","","labeled happy-hour service hours","600"
"Jacksonville","The Blue Fish Restaurant","3551 St Johns Avenue, Jacksonville, 32205","4.8","2432","Happy hour","Sun, Mon, Tue, Wed, Thu, Fri, Sat 15:00–18:30","https://www.opentable.com/restaurant/profile/44308","https://www.opentable.com/restaurant/profile/44308","","published offer prose","601"
"Jacksonville","Nineteen & Traditions at TPC Sawgrass","110 Championship Way, Ponte Vedra Beach, 32082","4.8","1631","Happy hour","Mon, Tue, Wed, Thu, Fri 16:30–18:30","https://www.opentable.com/restaurant/profile/81232","https://www.opentable.com/restaurant/profile/81232","","labeled happy-hour service hours","602"
"Jacksonville","Town Hall","2012 San Marco Blvd, Jacksonville, 32207","4.8","1468","Daily Happy Hour","Sun, Mon, Tue, Wed, Thu, Fri, Sat 16:30–18:00","https://www.opentable.com/restaurant/profile/729892","https://www.opentable.com/restaurant/profile/729892","","published offer prose","603"
"Jacksonville","Norikase","9734 Deer Lake Ct 11, Jacksonville, 32246-4468","4.8","367","Happy hour","Tue, Wed, Thu, Fri, Sat 17:00–18:30","https://www.opentable.com/restaurant/profile/1211713","https://www.opentable.com/restaurant/profile/1211713","","labeled happy-hour service hours","604"
"Jacksonville","The Capital Grille - Jacksonville","5197 Big Island Dr, Jacksonville, 32246","4.7","4064","Introducing Capital Hours","Mon, Tue, Wed, Thu, Fri 15:00–18:00","https://www.opentable.com/restaurant/profile/15556","https://www.opentable.com/restaurant/profile/15556","","published offer prose","605"
"Jacksonville","The Cowford Chophouse","101 E Bay St, Jacksonville, 32202","4.7","3599","Happy hour","Tue, Wed, Thu, Fri, Sat 16:00–19:00","https://www.opentable.com/restaurant/profile/729319","https://www.opentable.com/restaurant/profile/729319","","labeled happy-hour service hours","606"
"Jacksonville","III Forks - Jacksonville","9822 Tapestry Park Circle, Suite #111, Jacksonville, 32246","4.7","3426","III Forks Happy Hour on the Patio","Mon, Tue, Wed, Thu, Fri 16:00–19:00","https://www.opentable.com/restaurant/profile/36757","https://www.opentable.com/restaurant/profile/36757","","published offer prose","607"
"Jacksonville","Ruth's Chris Steak House - Ponte Vedra Beach","814 A1A North, Suite 103, Ponte Vedra Beach, 32082","4.6","3375","Happy hour","Sun, Mon, Tue, Wed, Thu, Fri 16:00–18:00","https://www.opentable.com/restaurant/profile/7202","https://www.opentable.com/restaurant/profile/7202","","labeled happy-hour service hours","608"
"Jacksonville","Oaxaca Club","131 1st Ave N, Jacksonville Beach, 32250-6912","4.6","595","Happy hour","Mon, Tue, Wed, Thu 11:00–18:00","https://www.opentable.com/restaurant/profile/1251622","https://www.opentable.com/restaurant/profile/1251622","","labeled happy-hour service hours","609"
"Jacksonville","BlackFly - St Augustine","410 Anastasia Blvd, St. Augustine, 32080","4.5","3254","Happy Hour","Sun, Mon, Tue, Wed, Thu, Fri, Sat 16:00–18:30","https://www.opentable.com/restaurant/profile/108844","https://www.opentable.com/restaurant/profile/108844","","published offer prose","610"
"Jacksonville","Prati Italia - St. Johns Town Center","4972 Big Island Drive, Jacksonville, 32246","4.5","2699","DAILY Happy Hour!","Sun, Mon, Tue, Wed, Thu, Fri, Sat 16:30–18:30","https://www.opentable.com/restaurant/profile/112756","https://www.opentable.com/restaurant/profile/112756","","published offer prose","611"
"Jacksonville","Cooper's Hawk Winery & Restaurant - Jacksonville – Mandarin Landing, FL","10601 San Jose Blvd 300, Jacksonville, 32257","4.5","1024","Wine ‘O’ Clock Happy Hour | Mon-Fri 3 - 5:30 pm","Mon, Tue, Wed, Thu, Fri 15:00–17:30","https://www.opentable.com/restaurant/profile/1384519","https://www.opentable.com/restaurant/profile/1384519","","published offer prose","612"
"Jacksonville","P.F. Chang's - Jacksonville","10281 Midtown Pkwy., #137, Jacksonville, 32246","4.5","418","NEW Happy Hour starting at $6","Mon, Tue, Wed, Thu, Fri 15:00–18:00","https://www.opentable.com/restaurant/profile/275092","https://www.opentable.com/restaurant/profile/275092","","published offer prose","613"
"Jacksonville","Argyle","254 Alta Mar Dr, Ponte Vedra Beach, 32082-2405","4.5","392","Happy hour","Sun, Mon, Tue, Wed, Thu, Fri, Sat 15:00–18:00","https://www.opentable.com/restaurant/profile/1318870","https://www.opentable.com/restaurant/profile/1318870","","labeled happy-hour service hours","614"
"Charlotte","O-Ku - Charlotte","2000 South Blvd, Charlotte, 28203","4.8","2885","Sushi Happy Hour","Mon, Wed 16:00–19:00","https://www.opentable.com/restaurant/profile/269437","https://www.opentable.com/restaurant/profile/269437","","published offer prose","615"
"Charlotte","Fish Market - Fort Mill","990 Market St, Fort Mill, 29708","4.7","1472","Happy hour","Mon, Tue, Wed, Thu 16:00–18:00","https://www.opentable.com/restaurant/profile/1040296","https://www.opentable.com/restaurant/profile/1040296","","labeled happy-hour service hours","616"
"Charlotte","North Italia - Charlotte - South End","1414 S Tryon St. Suite 140, Charlotte, 28206","4.6","2015","Happy hour","Mon, Tue, Wed, Thu, Fri 15:00–18:00","https://www.opentable.com/restaurant/profile/1052530","https://www.opentable.com/restaurant/profile/1052530","","labeled happy-hour service hours","617"
"Charlotte","Gyu-Kaku Japanese BBQ - Charlotte, NC | Second Ward","650 E Brooklyn Vlg Ave, Charlotte, 28202-2608","4.6","663","Happy hour","Sun, Mon, Tue, Wed, Thu, Fri, Sat 11:30–17:00","https://www.opentable.com/restaurant/profile/1049830","https://www.opentable.com/restaurant/profile/1049830","","labeled happy-hour service hours","618"
"Charlotte","Aura Rooftop","124 E Brooklyn Vlg Ave, Charlotte, 28202","4.6","480","Regal Vibes Happy Hour","Mon, Tue, Wed 15:00–18:00","https://www.opentable.com/restaurant/profile/1192942","https://www.opentable.com/restaurant/profile/1192942","","published offer prose","619"
"Charlotte","Sullivan's Steakhouse - Charlotte","1928 South Boulevard, Suite 200, Charlotte, 28203","4.5","4186","Happy hour","Mon, Tue, Wed, Thu 15:00–18:00","https://www.opentable.com/restaurant/profile/11734","https://www.opentable.com/restaurant/profile/11734","","labeled happy-hour service hours","620"
"Charlotte","Drift on Lake Wylie","315 M Lanyard Ln, Belmont, 28012","4.5","3262","Happy hour","Sun, Mon, Tue, Wed, Thu 16:00–18:30","https://www.opentable.com/restaurant/profile/1228165","https://www.opentable.com/restaurant/profile/1228165","","labeled happy-hour service hours","621"
"Charlotte","The Guesthouse By Choplin's Restaurant","208 Gilead Rd, Huntersville, 28078-6897","4.5","101","It's Happy Hour!","Mon, Tue, Wed, Thu 17:00–18:00","https://www.opentable.com/restaurant/profile/1504564","https://www.opentable.com/restaurant/profile/1504564","Limited to one discounted small plate per guest.","published offer prose","622"
"Miami","R House Wynwood","2727 NW 2nd Ave., Miami, 33127","5","1029","Happy hour","Wed, Thu, Fri 16:00–19:00","https://www.opentable.com/restaurant/profile/117238","https://www.opentable.com/restaurant/profile/117238","","published offer prose","623"
"Miami","Rakija Lounge","1131 Collins Ave, Miami Beach, 33139-4604","5","680","Happy hour","Mon, Tue, Wed, Thu, Fri 12:00–19:00","https://www.opentable.com/restaurant/profile/1052107","https://www.opentable.com/restaurant/profile/1052107","","labeled happy-hour service hours","624"
"Miami","Montana's Miami Beach","736 Ocean Dr, Miami Beach, 33139","5","680","DAILY HAPPY HOUR BY TONY'S CADILLAC","Sun, Mon, Tue, Wed, Thu, Fri, Sat 12:00–19:00","https://www.opentable.com/restaurant/profile/1335976","https://www.opentable.com/restaurant/profile/1335976","","published offer prose","625"
"Miami","Bocas House Doral","10200 NW 25th St #101, Doral, 33172","5","223","Happy Hour","Mon, Tue, Wed, Thu, Fri 11:30–22:00","https://www.opentable.com/restaurant/profile/1024297","https://www.opentable.com/restaurant/profile/1024297","","labeled happy-hour service hours","626"
"Miami","Happy Wine Calle Ocho","5792 SW 8th St, Miami, 33135-5220","5","113","Happy hour","Tue, Wed, Thu 16:00–19:00","https://www.opentable.com/restaurant/profile/1255855","https://www.opentable.com/restaurant/profile/1255855","","labeled happy-hour service hours","627"
"Miami","Cafe Vico Ristorante","1125 North Federal Highway, Fort Lauderdale, 33304","4.9","3142","Daily Happy Hour","Sun, Mon, Tue, Wed, Thu, Fri, Sat 16:00–19:00","https://www.opentable.com/restaurant/profile/52075","https://www.opentable.com/restaurant/profile/52075","","published offer prose","628"
"Miami","Sawa","360 San Lorenzo Ave, Coral Gables, 33146","4.9","1047","Happy hour","Mon, Tue, Wed, Thu, Fri 16:00–19:00; Sun, Mon, Tue, Wed, Thu, Fri, Sat 16:00–20:00","https://www.opentable.com/restaurant/profile/42235","https://www.opentable.com/restaurant/profile/42235","","labeled happy-hour service hours","629"
"Miami","Runyon's","9810 W Sample Rd, Coral Springs, 33065","4.9","378","Runyon's Daily Happy Hour","Tue, Wed, Thu, Fri, Sat 15:00–18:00","https://www.opentable.com/restaurant/profile/218545","https://www.opentable.com/restaurant/profile/218545","Available in the bar or patio seating described in the offer.","published offer prose","630"
"Miami","Old Lisbon Restaurants - Aventura","2960 NE 199th St suite 5, Aventura, 33180-3112","4.9","334","Old Lisbon Aventura Happy Hour","Mon, Tue, Wed, Thu 16:00–18:00","https://www.opentable.com/restaurant/profile/1294243","https://www.opentable.com/restaurant/profile/1294243","","published offer prose","631"
"Miami","Tin Tin","2555 SW 8th St, Miami, 33135-3005","4.9","100","Enjoy our Happy Hours From 4:30Pm to 7:00PM","Tue, Wed, Thu, Fri, Sat 16:30–19:00","https://www.opentable.com/restaurant/profile/1476010","https://www.opentable.com/restaurant/profile/1476010","","published offer prose","632"
"Miami","Seasons 52 - Ft. Lauderdale","2428 E Sunrise Blvd, Fort Lauderdale, 33304","4.8","6154","Happy hour","Mon, Tue, Wed, Thu, Fri 15:00–18:00","https://www.opentable.com/restaurant/profile/10669","https://www.opentable.com/restaurant/profile/10669","","published offer prose","633"
"Miami","The Capital Grille - Ft. Lauderdale","2430 E Sunrise Blvd, Fort Lauderdale, 33304","4.8","5485","Introducing Capital Hours","Mon, Tue, Wed, Thu, Fri 15:00–18:00","https://www.opentable.com/restaurant/profile/3068","https://www.opentable.com/restaurant/profile/3068","","published offer prose","634"
"Miami","Seasons 52 - Coral Gables","321 Miracle Mile, Coral Gables, 33134","4.8","4909","Happy hour","Mon, Tue, Wed, Thu, Fri 15:00–18:00","https://www.opentable.com/restaurant/profile/50185","https://www.opentable.com/restaurant/profile/50185","","published offer prose","635"
"Miami","Cooper's Hawk Winery & Restaurant - Doral, FL","3585 NW 83rd Ave, Doral, 33122","4.8","4757","Wine ‘O’ Clock Happy Hour | Mon-Fri 3 - 5:30 pm","Mon, Tue, Wed, Thu, Fri 15:00–17:30","https://www.opentable.com/restaurant/profile/343537","https://www.opentable.com/restaurant/profile/343537","","published offer prose","636"
"Miami","Takato Restaurant","551 N Fort Lauderdale Beach Blvd, Fort Lauderdale, 33304","4.8","4464","Happy Hour","Mon, Tue, Wed, Thu 16:00–18:00","https://www.opentable.com/restaurant/profile/984631","https://www.opentable.com/restaurant/profile/984631","","published offer prose","637"
"Miami","A Fish Called Avalon","700 Ocean Drive, Miami Beach, 33139","4.8","3517","DAILY HAPPY HOUR AT THE ROCKET BAR 5-7PM","Sun, Mon, Tue, Wed, Thu, Fri, Sat 17:00–19:00","https://www.opentable.com/restaurant/profile/3327","https://www.opentable.com/restaurant/profile/3327","","published offer prose","638"
"Miami","Bulla Gastrobar - Coral Gables","2500 Ponce De Leon Blvd., Coral Gables, 33134","4.8","3426","Daily Bar Tapas Happy Hour","Sun, Mon, Tue, Wed, Thu, Fri, Sat 17:00–19:00","https://www.opentable.com/restaurant/profile/15706","https://www.opentable.com/restaurant/profile/15706","Available in the bar area only.","published offer prose","639"
"Miami","Seasons 52 - Sawgrass","1862 Sawgrass Mills Circle, Sunrise, 33323","4.8","2532","Happy hour","Mon, Tue, Wed, Thu, Fri 15:00–18:00","https://www.opentable.com/restaurant/profile/1038397","https://www.opentable.com/restaurant/profile/1038397","","published offer prose","640"
"Miami","Dal Contadino Trattoria","2775 E Oakland Park Blvd, Fort Lauderdale, 33306-1600","4.8","1406","Happy hour","Sun, Mon, Tue, Wed, Thu 17:00–19:00","https://www.opentable.com/restaurant/profile/1102228","https://www.opentable.com/restaurant/profile/1102228","","labeled happy-hour service hours","641"
"Miami","Sea Grill - Coral Gables","4250 Salzedo St, Suite 1425, Coral Gables, 33146","4.8","940","Happy Hour 3pm-7pm (Bar only)","Mon, Tue, Wed, Thu, Fri 15:00–19:00","https://www.opentable.com/restaurant/profile/1036351","https://www.opentable.com/restaurant/profile/1036351","Available for dine-in guests only. Available in the bar seating specified by the restaurant.","published offer prose","642"
"Miami","Patrizia's - Fort Lauderdale","3300 NE 32nd St, Fort Lauderdale, 33308-7104","4.8","813","Happy hour","Sun, Mon, Tue, Wed, Thu, Fri, Sat 17:00–19:00","https://www.opentable.com/restaurant/profile/1175848","https://www.opentable.com/restaurant/profile/1175848","","published offer prose","643"
"Miami","Bunbury","55 NE 14th St, Miami, 33132","4.8","723","Happy hour","Tue, Wed, Thu, Fri 16:00–19:00","https://www.opentable.com/restaurant/profile/1158493","https://www.opentable.com/restaurant/profile/1158493","","labeled happy-hour service hours","644"
"Miami","Batch Gastropub - Miami","30 SW 12th St, Miami, 33130","4.8","649","Happy hour","Mon, Tue, Wed, Thu, Fri 15:00–19:00","https://www.opentable.com/restaurant/profile/139735","https://www.opentable.com/restaurant/profile/139735","","labeled happy-hour service hours","645"
"Miami","Pinch Kitchen","8601 Biscayne Blvd, Miami Upper Eastside, 33138","4.8","649","Pinch Happy Hour!   Tue to Fri, 4pm to 7pm","Tue, Wed, Thu, Fri 16:00–19:00","https://www.opentable.com/restaurant/profile/192619","https://www.opentable.com/restaurant/profile/192619","","published offer prose","646"
"Miami","CalaMillor","4000 SW 57th Ave, Miami, 33155","4.8","586","Happy Hour","Mon, Tue, Wed, Thu, Fri 15:30–18:00","https://www.opentable.com/restaurant/profile/1284196","https://www.opentable.com/restaurant/profile/1284196","","labeled happy-hour service hours","647"
"Miami","Ossobuco Wynwood","62 NW 27th St, Miami, 33127","4.8","583","Happy Hour","Sun, Mon, Tue, Wed, Thu, Fri, Sat 16:00–20:00","https://www.opentable.com/restaurant/profile/1267927","https://www.opentable.com/restaurant/profile/1267927","","published offer prose","648"
"Miami","Eddie & Vinny’s Coastal Italian","10181 W Sample Rd, Coral Springs, 33065-3946","4.8","563","Sips Before Sunset - Weekday Happy Hour","Mon, Tue, Wed, Thu 16:00–18:00; Fri 15:00–18:00","https://www.opentable.com/restaurant/profile/1385182","https://www.opentable.com/restaurant/profile/1385182","The special is offered to walk-in guests.","multiple published offer windows","649"
"Miami","Calusso","2301 SE 17th St, Fort Lauderdale, 33316","4.8","444","Happy Hour ""Harbour Hour""","Tue, Wed, Thu, Fri, Sat 17:30–19:30","https://www.opentable.com/restaurant/profile/1393588","https://www.opentable.com/restaurant/profile/1393588","","published offer prose","650"
"Miami","Palm Tree Club Miami","1819 79th Street Causeway, North Bay Village, 33141-4215","4.8","369","Happy Hour by the Bay","Mon, Tue, Wed, Thu, Fri 16:00–19:00","https://www.opentable.com/restaurant/profile/1400134","https://www.opentable.com/restaurant/profile/1400134","","published offer prose","651"
"Miami","Florida Room","891 SW 34th St, Fort Lauderdale, 33315","4.8","361","Happy hour","Sun, Wed, Thu, Fri, Sat 16:00–18:00","https://www.opentable.com/restaurant/profile/1465297","https://www.opentable.com/restaurant/profile/1465297","Available on the patio only. Available in the bar or patio seating described in the offer.","published offer prose","652"
"Miami","Ukiah Fort Lauderdale","221 SW 1st Ave suite 1, Fort Lauderdale, 33301","4.8","348","Happy Hour","Mon, Tue, Wed, Thu, Fri 16:00–19:00; Sun, Sat 16:00–18:00","https://www.opentable.com/restaurant/profile/1418773","https://www.opentable.com/restaurant/profile/1418773","The special is offered to walk-in guests.","multiple published offer windows","653"
"Miami","Earls Kitchen + Bar Miami Worldcenter","150 NE 8th St, Miami, 33132-1868","4.8","340","Happy hour","Mon, Tue, Wed, Thu, Fri 15:00–18:00; Sun, Mon, Tue, Wed, Thu 22:00–00:00","https://www.opentable.com/restaurant/profile/1414075","https://www.opentable.com/restaurant/profile/1414075","","labeled happy-hour service hours","654"
"Miami","CHOP Steakhouse & Bar - Coconut Grove","3015 Grand Ave, Miami, 33133","4.8","300","Happy hour","Mon, Tue, Wed, Thu, Fri 15:00–18:00","https://www.opentable.com/restaurant/profile/1430875","https://www.opentable.com/restaurant/profile/1430875","","labeled happy-hour service hours","655"
"Miami","Donatella","1350 Collins Ave, Miami Beach, 33139-4209","4.8","260","Happy hour","Sun, Mon, Tue, Wed, Thu, Fri, Sat 17:00–19:00","https://www.opentable.com/restaurant/profile/1399582","https://www.opentable.com/restaurant/profile/1399582","","labeled happy-hour service hours","656"
"Miami","Porterhouse Music Bar & Restaurant","17004 Collins Ave, Sunny Isles Beach, 33160","4.8","177","Happy hour","Sun, Mon, Tue, Wed, Thu, Fri, Sat 15:00–18:00","https://www.opentable.com/restaurant/profile/1379293","https://www.opentable.com/restaurant/profile/1379293","","labeled happy-hour service hours","657"
"Miami","MAYU","177 SW 7th St, Miami, 33130-2906","4.8","133","Happy Hour 4pm-7pm","Sun, Mon, Tue, Wed, Thu, Fri, Sat 16:00–19:00","https://www.opentable.com/restaurant/profile/1319314","https://www.opentable.com/restaurant/profile/1319314","","published offer prose","658"
"Miami","Casa Sensei","1200 E Las Olas Blvd, Fort Lauderdale, 33301","4.7","8547","Best Happy Hour Fort Lauderdale","Mon 16:00–18:00; Tue, Wed, Thu, Fri 12:00–18:00","https://www.opentable.com/restaurant/profile/150277","https://www.opentable.com/restaurant/profile/150277","","multiple published offer windows","659"
"Miami","Sea Watch On the Ocean","6002 North Ocean Blvd., Fort Lauderdale, 33308","4.7","8465","Happy hour","Mon, Tue, Wed, Thu, Fri 15:00–18:00","https://www.opentable.com/restaurant/profile/23779","https://www.opentable.com/restaurant/profile/23779","","labeled happy-hour service hours","660"
"Miami","Michael's Genuine Food & Drink - Miami","130 N.E. 40th Street, Miami, 33137","4.7","6740","Happy hour","Sun, Mon, Tue, Wed, Thu, Fri 16:00–19:00","https://www.opentable.com/restaurant/profile/7045","https://www.opentable.com/restaurant/profile/7045","","labeled happy-hour service hours","661"
"Miami","S3 Restaurant","505 N Fort Lauderdale Beach Blvd, Fort Lauderdale, 33304","4.7","5052","Happy Hour at S3","Mon, Tue, Wed, Thu, Fri 16:00–19:00","https://www.opentable.com/restaurant/profile/104047","https://www.opentable.com/restaurant/profile/104047","","published offer prose","662"
"Miami","Cooper's Hawk Winery & Restaurant - Dania Beach, FL","1822 Pointe Blvd, Dania Beach, 33004","4.7","4226","Wine ‘O’ Clock Happy Hour | Mon-Fri 3 - 5:30 pm","Mon, Tue, Wed, Thu, Fri 15:00–17:30","https://www.opentable.com/restaurant/profile/1056703","https://www.opentable.com/restaurant/profile/1056703","","published offer prose","663"
"Miami","Bulla Gastrobar - Doral","5335 NW 87th Ave., Doral, 33178","4.7","2026","Daily Tapas Happy Hour","Sun, Mon, Tue, Wed, Thu, Fri, Sat 16:00–19:00","https://www.opentable.com/restaurant/profile/214756","https://www.opentable.com/restaurant/profile/214756","Available on the patio only. Available in the bar or patio seating described in the offer.","published offer prose","664"
"Miami","Bakan","2801 NW 2nd Ave, Miami, 33127","4.7","2014","Happy hour","Mon, Tue, Wed, Thu, Fri 16:00–18:00","https://www.opentable.com/restaurant/profile/1030390","https://www.opentable.com/restaurant/profile/1030390","","labeled happy-hour service hours","665"
"Miami","Amal Miami","3480 Main Hwy, Miami, 33133-5916","4.7","1855","Happy hour","Sun, Mon, Tue, Wed, Thu, Fri, Sat 16:00–19:00","https://www.opentable.com/restaurant/profile/1214047","https://www.opentable.com/restaurant/profile/1214047","","labeled happy-hour service hours","666"
"Miami","Earls Kitchen + Bar Dadeland","7535 N Kendall Dr, Ste 2510, Miami, 33156","4.7","1783","Happy hour","Mon, Tue, Wed, Thu, Fri 16:00–19:00; Sun, Mon, Tue 22:00–00:00; Wed, Thu 22:00–01:00; Fri, Sat 22:00–02:00","https://www.opentable.com/restaurant/profile/268039","https://www.opentable.com/restaurant/profile/268039","","labeled happy-hour service hours","667"
"Miami","Phuc Yea","7100 Biscayne Blvd, Miami, 33138","4.7","1523","Sunday All Day Happy Hour","Wed, Thu, Fri, Sat 17:00–19:00; Sun 12:00–17:00","https://www.opentable.com/restaurant/profile/253210","https://www.opentable.com/restaurant/profile/253210","","labeled happy-hour service hours","668"
"Miami","Giselle Miami","15 NE 11th St, Miami, 33132","4.7","1479","Twilight  Happy Hour. Walk-in only","Sun, Wed, Thu, Fri, Sat 18:00–20:00","https://www.opentable.com/restaurant/profile/1269859","https://www.opentable.com/restaurant/profile/1269859","Available in the bar area only. The special is offered to walk-in guests.","published offer prose","669"
"Miami","Pisco y Nazca Ceviche Gastrobar - Kendall","8405 Mills Drive, Town and Country Mall #206, Miami, 33183","4.7","1394","Happy Hour, Every Day","Sun, Mon, Tue, Wed, Thu, Fri, Sat 16:00–19:00","https://www.opentable.com/restaurant/profile/189604","https://www.opentable.com/restaurant/profile/189604","","published offer prose","670"
"Miami","North Italia – Miami (Mary Brickell)","900 S. Miami Ave #111, Miami, 33130","4.7","1327","Happy hour","Mon, Tue, Wed, Thu 15:00–18:00","https://www.opentable.com/restaurant/profile/1010716","https://www.opentable.com/restaurant/profile/1010716","","labeled happy-hour service hours","671"
"Philadelphia","Seasons 52 - Cherry Hill","2000 Route 38, Suite 1145, Cherry Hill, 08002","4.9","6681","Happy hour","Mon, Tue, Wed, Thu, Fri 15:00–18:00","https://www.opentable.com/restaurant/profile/29713","https://www.opentable.com/restaurant/profile/29713","","published offer prose","672"
"Philadelphia","The Capital Grille - Philadelphia","1338-46 Chestnut Street, Philadelphia, 19107","4.9","6188","Introducing Capital Hours","Mon, Tue, Wed, Thu, Fri 15:00–18:00","https://www.opentable.com/restaurant/profile/2051","https://www.opentable.com/restaurant/profile/2051","","published offer prose","673"
"Philadelphia","The Capital Grille - Newtown","2807 S Eagle Rd, Newtown, 18940-1546","4.9","772","Introducing Capital Hours","Mon, Tue, Wed, Thu, Fri 15:00–18:00","https://www.opentable.com/restaurant/profile/1365697","https://www.opentable.com/restaurant/profile/1365697","","published offer prose","674"
"Philadelphia","LaScala's Fire - Glassboro","112 Rowan Blvd, Glassboro, 08028-2259","4.9","615","Happy Hour","Mon, Tue, Wed, Thu, Fri 15:00–18:00","https://www.opentable.com/restaurant/profile/1037767","https://www.opentable.com/restaurant/profile/1037767","","published offer prose","675"
"Philadelphia","Amada PHL","217-19 Chestnut Street, Philadelphia, 19106","4.8","8833","Happy hour","Sun, Mon, Tue, Wed, Thu, Fri 16:30–18:30","https://www.opentable.com/restaurant/profile/5129","https://www.opentable.com/restaurant/profile/5129","","labeled happy-hour service hours","676"
"Philadelphia","The Capital Grille - King of Prussia","236 Mall Blvd, King of Prussia, 19406","4.8","6104","Introducing Capital Hours","Mon, Tue, Wed, Thu, Fri 15:00–18:00","https://www.opentable.com/restaurant/profile/52060","https://www.opentable.com/restaurant/profile/52060","","published offer prose","677"
"Philadelphia","The Capital Grille - Cherry Hill","2000 Route 38, Cherry Hill, 08002","4.8","5451","Introducing Capital Hours","Mon, Tue, Wed, Thu, Fri 15:00–18:00","https://www.opentable.com/restaurant/profile/30928","https://www.opentable.com/restaurant/profile/30928","","published offer prose","678"
"Philadelphia","The Blue Bell Inn","601 Skippack Pike, Blue Bell, 19422","4.8","5305","Happy Hour (Bar Only)","Mon, Tue, Wed, Thu, Fri 16:30–18:30","https://www.opentable.com/restaurant/profile/96259","https://www.opentable.com/restaurant/profile/96259","Available in the bar area only.","published offer prose","679"
"Philadelphia","Panorama","14 North Front Street, Philadelphia, 19106","4.8","2787","Happy Hour","Tue, Wed, Thu, Fri 16:30–18:00; Sat 15:00–16:30","https://www.opentable.com/restaurant/profile/3644","https://www.opentable.com/restaurant/profile/3644","Available in the bar area only.","multiple published offer windows","680"
"Philadelphia","Estia Taverna - Marlton","140 W. Route 70, Marlton, 08053","4.8","2711","Happy hour","Sun, Mon, Tue, Wed, Thu, Fri, Sat 15:00–18:00","https://www.opentable.com/restaurant/profile/106459","https://www.opentable.com/restaurant/profile/106459","","labeled happy-hour service hours","681"
"Philadelphia","Steak 38 Tabernacle","1488 US-206, Tabernacle, 08088-8886","4.8","1316","Happy hour","Sun, Tue, Wed, Thu, Fri, Sat 16:00–18:00","https://www.opentable.com/restaurant/profile/1259701","https://www.opentable.com/restaurant/profile/1259701","","labeled happy-hour service hours","682"
"Philadelphia","Tuna Bar","205 Race St, Philadelphia, 19106","4.8","1129","Happy hour","Tue, Wed, Thu, Fri 16:00–18:00","https://www.opentable.com/restaurant/profile/985630","https://www.opentable.com/restaurant/profile/985630","","labeled happy-hour service hours","683"
"Philadelphia","Gyu-Kaku Japanese BBQ - Philadelphia, PA | Logan Square (The Granary)","1901 Callowhill Street, Philadelphia, 19130","4.8","1035","Happy hour","Sun, Mon, Tue, Wed, Thu, Fri, Sat 11:30–18:00","https://www.opentable.com/restaurant/profile/148126","https://www.opentable.com/restaurant/profile/148126","","labeled happy-hour service hours","684"
"Philadelphia","Aleksandar","126 S 19th St, Philadelphia, 19103","4.8","706","Happy hour","Tue, Wed, Thu, Fri, Sat 16:30–19:00","https://www.opentable.com/restaurant/profile/1164322","https://www.opentable.com/restaurant/profile/1164322","","labeled happy-hour service hours","685"
"Philadelphia","Seasons 52 - King of Prussia","160 N Gulph Rd, Suite 101, King of Prussia, 19406","4.7","10141","Happy hour","Mon, Tue, Wed, Thu, Fri 15:00–18:00","https://www.opentable.com/restaurant/profile/41065","https://www.opentable.com/restaurant/profile/41065","","published offer prose","686"
"Philadelphia","IL Villaggio Restaurant & Bar","211 Berlin Rd, Cherry Hill, 08034","4.7","3223","Happy Hour Sunday - Thursday  3-6 pm","Sun, Mon, Tue, Wed, Thu 15:00–18:00","https://www.opentable.com/restaurant/profile/115720","https://www.opentable.com/restaurant/profile/115720","","published offer prose","687"
"Philadelphia","Rosalie","139 E Lancaster Ave, Wayne, 19087","4.7","2832","Happy Hour","Mon, Tue, Wed, Thu, Fri 16:00–18:00","https://www.opentable.com/restaurant/profile/1071208","https://www.opentable.com/restaurant/profile/1071208","","published offer prose","688"
"Philadelphia","The Prime Rib - Philadelphia Live!","900 Packer Ave, Philadelphia, 19148-5310","4.7","1635","Prime 10 Happy Hour","Mon, Tue, Wed, Thu 16:30–18:30","https://www.opentable.com/restaurant/profile/1101964","https://www.opentable.com/restaurant/profile/1101964","","published offer prose","689"
"Philadelphia","Kooma - King Of Prussia","201 Main St, Ste 100, King of Prussia, 19406","4.7","1185","Kooma's Happy Hour (Bar Area Only)","Mon, Tue, Wed, Thu 16:00–18:00","https://www.opentable.com/restaurant/profile/1070413","https://www.opentable.com/restaurant/profile/1070413","Available in the bar area only.","published offer prose","690"
"Philadelphia","Amada Radnor","555 E Lancaster Ave, Wayne, 19087","4.7","1131","Happy hour","Sun, Mon, Tue, Wed, Thu, Fri 16:30–18:30","https://www.opentable.com/restaurant/profile/1274641","https://www.opentable.com/restaurant/profile/1274641","","labeled happy-hour service hours","691"
"Philadelphia","The Cage In Audubon","711 S Trooper Rd, Norristown, 19403-2310","4.7","1067","NEW HAPPY HOUR / NEW FOOD!","Mon, Tue, Wed, Thu, Fri 16:00–18:00","https://www.opentable.com/restaurant/profile/1320334","https://www.opentable.com/restaurant/profile/1320334","","published offer prose","692"
"Philadelphia","Village Whiskey PHL","118 S 20th Street, Philadelphia, 19103","4.7","778","Happy hour","Sun, Mon, Tue, Wed, Thu, Fri 16:00–18:00","https://www.opentable.com/restaurant/profile/1008274","https://www.opentable.com/restaurant/profile/1008274","","labeled happy-hour service hours","693"
"Philadelphia","Piccolo Trattoria - Doylestown","1745 South Easton Road, Doylestown, 18901","4.7","775","Happy hour","Mon, Tue, Wed, Thu, Fri 16:00–18:00","https://www.opentable.com/restaurant/profile/215227","https://www.opentable.com/restaurant/profile/215227","","labeled happy-hour service hours","694"
"Philadelphia","La Campagnola","439 OakShade Rd, Shamong, 08088","4.7","693","Happy hour","Mon, Tue, Wed, Thu, Fri 16:00–19:00","https://www.opentable.com/restaurant/profile/102364","https://www.opentable.com/restaurant/profile/102364","","published offer prose","695"
"Philadelphia","The Cage in Huntingdon Valley","2190 County Line Rd, Huntingdon Valley, 19006","4.7","590","HAPPY HOUR 🍸","Mon, Tue, Wed, Thu, Fri 16:00–18:00","https://www.opentable.com/restaurant/profile/1376308","https://www.opentable.com/restaurant/profile/1376308","","published offer prose","696"
"Philadelphia","Tria Rittenhouse","123 S 18th St, Philadelphia, 19103-5126","4.7","532","Happier Hour at Tria Rittenhouse","Mon, Tue, Wed, Thu 16:00–18:00","https://www.opentable.com/restaurant/profile/1057537","https://www.opentable.com/restaurant/profile/1057537","","published offer prose","697"
"Philadelphia","Select Pizza|Grill","855 Easton Rd, Warrington, 18976","4.7","397","NEW HAPPY HOUR 🍸","Mon, Tue, Wed, Thu, Fri 16:00–18:00","https://www.opentable.com/restaurant/profile/1186984","https://www.opentable.com/restaurant/profile/1186984","","published offer prose","698"
"Philadelphia","Miss Saigon Restaurant & Lounge","1316 Walnut St, Philadelphia, 19107-5410","4.7","336","Happy hour","Sun, Mon, Tue, Wed, Thu, Fri, Sat 16:30–18:30","https://www.opentable.com/restaurant/profile/1327078","https://www.opentable.com/restaurant/profile/1327078","","labeled happy-hour service hours","699"
"Philadelphia","Moshulu","401 South Columbus Blvd., Philadelphia, 19106","4.6","8961","Happy hour","Mon, Tue, Wed, Thu, Fri 16:00–18:00","https://www.opentable.com/restaurant/profile/2467","https://www.opentable.com/restaurant/profile/2467","","labeled happy-hour service hours","700"
"Philadelphia","Black Powder Tavern","1164 Valley Forge Road, Wayne, 19087","4.6","2307","Excellent Happy Hour at BPT!","Mon, Tue, Wed, Thu, Fri 16:00–18:00","https://www.opentable.com/restaurant/profile/113704","https://www.opentable.com/restaurant/profile/113704","Available in the bar area only.","published offer prose","701"
"Philadelphia","Square 1682","121 South 17th Street, Philadelphia, 19103","4.6","2105","Happy Hour","Mon, Tue, Wed, Thu, Fri, Sat 16:00–18:00","https://www.opentable.com/restaurant/profile/35443","https://www.opentable.com/restaurant/profile/35443","","published offer prose","702"
"Philadelphia","Marcello's Bordentown","206 Farnsworth Ave, Bordentown, 08505","4.6","1778","Happy Hour & Daily Features","Mon, Tue, Wed, Thu, Fri 15:00–17:00","https://www.opentable.com/restaurant/profile/250639","https://www.opentable.com/restaurant/profile/250639","","published offer prose","703"
"Philadelphia","The Copper Crow","116 Welsh Rd, Horsham, 19044-2207","4.6","1658","Happy Hour (Bar & High Tops Only)","Mon, Tue, Wed, Thu, Fri 16:30–18:30","https://www.opentable.com/restaurant/profile/1184824","https://www.opentable.com/restaurant/profile/1184824","","published offer prose","704"
"Philadelphia","Piccolo Trattoria - Newtown","32 West Road, Newtown, 18940","4.6","1481","Piccolo's Happy Hour","Mon, Tue, Wed, Thu, Fri 16:00–18:00","https://www.opentable.com/restaurant/profile/38008","https://www.opentable.com/restaurant/profile/38008","","published offer prose","705"
"Philadelphia","Trevi Cucina Italiano","21 E Glenside Ave, Glenside, 19038","4.6","1148","Trevi's Daily Happy Hour","Wed, Thu, Fri, Sat 16:00–17:00; Sun 15:00–16:00","https://www.opentable.com/restaurant/profile/104284","https://www.opentable.com/restaurant/profile/104284","","multiple published offer windows","706"
"Philadelphia","LaScala's Fire - Marlton","500 Route 73 S, E-14, Marlton, 08053","4.6","1013","Happy Hour","Mon, Tue, Wed, Thu, Fri 15:00–18:00","https://www.opentable.com/restaurant/profile/214366","https://www.opentable.com/restaurant/profile/214366","Special seating is first come, first served.","labeled happy-hour service hours","707"
"Philadelphia","Xolo Tacos","14 N Merion Ave, Bryn Mawr, 19010","4.6","984","Happy Hour","Mon, Tue, Wed, Thu, Fri 15:00–17:00","https://www.opentable.com/restaurant/profile/186235","https://www.opentable.com/restaurant/profile/186235","","published offer prose","708"
"Philadelphia","LaScala's FIRE - Roosevelt Blvd","12002 Roosevelt Blvd, Philadelphia, 19116-3039","4.6","266","Happy hour","Mon, Tue, Wed, Thu, Fri 15:00–18:00","https://www.opentable.com/restaurant/profile/1448590","https://www.opentable.com/restaurant/profile/1448590","","published offer prose","709"
"Philadelphia","Pine Street Grill","2227 Pine St, Philadelphia, 19103","4.6","224","Happy hour","Sun, Mon, Tue, Wed, Thu, Fri, Sat 16:00–18:00","https://www.opentable.com/restaurant/profile/1457662","https://www.opentable.com/restaurant/profile/1457662","","published offer prose","710"
"Philadelphia","Mi Vida - Philadelphia","1100 Ludlow St, Philly, 19107","4.6","192","Happy hour","Mon, Tue, Wed, Thu, Fri 14:00–18:00","https://www.opentable.com/restaurant/profile/1492405","https://www.opentable.com/restaurant/profile/1492405","","labeled happy-hour service hours","711"
"Philadelphia","Takumi Bistro & Bar","821 W Lancaster Ave, Wayne, 19087","4.6","180","Happy hour","Sun, Mon, Tue, Wed, Thu, Fri, Sat 11:30–15:00","https://www.opentable.com/restaurant/profile/1317433","https://www.opentable.com/restaurant/profile/1317433","","published offer prose","712"
"Philadelphia","Emmy Squared Pizza - Queen Village","632 S 5th St, Philadelphia, 19147","4.6","178","Happy hour","Mon, Tue, Wed, Thu 16:00–18:00","https://www.opentable.com/restaurant/profile/1050946","https://www.opentable.com/restaurant/profile/1050946","","published offer prose","713"
"Philadelphia","Sor Ynez","1800 N American St, Philadelphia, 19122-2300","4.6","132","Happy hour","Wed, Thu, Fri 16:00–18:00; Sun, Sat 11:00–15:00","https://www.opentable.com/restaurant/profile/1194748","https://www.opentable.com/restaurant/profile/1194748","","labeled happy-hour service hours","714"
"Philadelphia","Carlucci's Waterfront","876 Centerton Road, Mount Laurel, 08054","4.5","3429","Happy hour","Mon, Tue, Wed, Thu, Fri 15:00–18:30","https://www.opentable.com/restaurant/profile/17839","https://www.opentable.com/restaurant/profile/17839","","published offer prose","715"
"Philadelphia","Charlie was a sinner.","131 South 13th Street, Philadelphia, 19107","4.5","2731","Happy hour","Mon, Tue, Wed, Thu, Fri 16:00–18:00","https://www.opentable.com/restaurant/profile/149497","https://www.opentable.com/restaurant/profile/149497","","labeled happy-hour service hours","716"
"Philadelphia","The Refectory","862 E Lancaster Avenue, Villanova, 19085","4.5","1275","Happy hour","Mon, Tue, Thu, Fri, Sat 16:00–18:00; Sun, Wed 16:00–21:00","https://www.opentable.com/restaurant/profile/1042522","https://www.opentable.com/restaurant/profile/1042522","","labeled happy-hour service hours","717"
"Philadelphia","LaScala’s Fire- Villanova","789 E Lancaster Ave, Villanova, 19085-1522","4.5","1252","Happy hour","Mon, Tue, Wed, Thu, Fri 15:30–18:00","https://www.opentable.com/restaurant/profile/1101388","https://www.opentable.com/restaurant/profile/1101388","","published offer prose","718"
"Philadelphia","Veda - Modern Indian Bistro","1920 Chestnut St, Philadelphia, 19103","4.5","1063","Happy Hour at Veda Bar (4:30PM-7:00PM)Mon-Sun","Sun, Mon, Tue, Wed, Thu, Fri, Sat 16:30–19:00","https://www.opentable.com/restaurant/profile/271087","https://www.opentable.com/restaurant/profile/271087","","published offer prose","719"
"Philadelphia","National Mechanics","22 S 3rd St, Philadelphia, 19106","4.5","183","Happy hour","Mon, Tue, Wed, Thu, Fri 16:00–19:00","https://www.opentable.com/restaurant/profile/215266","https://www.opentable.com/restaurant/profile/215266","","labeled happy-hour service hours","720"
"Boston","Seasons 52 - Burlington","6 Wayside Rd, U, Burlington, 01803","4.8","6483","Happy hour","Mon, Tue, Wed, Thu, Fri 15:00–18:00","https://www.opentable.com/restaurant/profile/109717","https://www.opentable.com/restaurant/profile/109717","","published offer prose","721"
"Boston","Yoki Japanese Restaurant","62 Station Landing, Medford, 02155","4.8","137","🍣 Happy Hour Bites","Mon, Tue, Wed, Thu, Fri 15:00–18:00","https://www.opentable.com/restaurant/profile/173434","https://www.opentable.com/restaurant/profile/173434","Available in the bar area only. A drink purchase is required to receive the food special.","published offer prose","722"
"Boston","Seasons 52 - Chestnut Hill","220 Boylston St, Bldg C117, Chestnut Hill, 02467","4.7","5457","Happy hour","Mon, Tue, Wed, Thu, Fri 15:00–18:00","https://www.opentable.com/restaurant/profile/113893","https://www.opentable.com/restaurant/profile/113893","","published offer prose","723"
"Boston","Row 34 - Burlington","300 District Ave, Burlington, 01803","4.7","2154","Happy Hour at Row 34 Burlington!","Mon, Tue, Wed 16:00–18:00; Thu, Fri, Sat 15:00–18:00","https://www.opentable.com/restaurant/profile/346684","https://www.opentable.com/restaurant/profile/346684","","multiple published offer windows","724"
"Boston","Gyu-Kaku Japanese BBQ - Brookline, MA | Beacon Street","1002 Beacon Street, Brookline, 2446","4.7","1135","Happy Hour: That Magical Time of Day","Mon, Tue, Wed, Thu 11:00–17:00","https://www.opentable.com/restaurant/profile/102382","https://www.opentable.com/restaurant/profile/102382","","labeled happy-hour service hours","725"
"Boston","The Q Restaurant","660 Washington St., Boston, 02111","4.7","720","Bar Happy Hour","Sun, Mon, Tue, Wed, Thu, Fri, Sat 16:00–18:00","https://www.opentable.com/restaurant/profile/488362","https://www.opentable.com/restaurant/profile/488362","Available in the bar area only. A drink purchase is required to receive the food special.","published offer prose","726"
"Boston","Row 34 - Cambridge","314 Main St, Cambridge, 02142","4.7","546","Happy Hour at Row 34 - Cambridge!","Sun, Mon, Tue, Wed, Thu, Fri, Sat 14:00–17:00","https://www.opentable.com/restaurant/profile/1266085","https://www.opentable.com/restaurant/profile/1266085","","published offer prose","727"
"Boston","Gyu-Kaku Japanese BBQ - Dorchester, MA | South Bay Center","23 District Ave, Dorchester, 02125","4.7","490","Happy Hour: That Magical Time of Day","Mon, Tue, Wed, Thu 11:00–17:00","https://www.opentable.com/restaurant/profile/1041538","https://www.opentable.com/restaurant/profile/1041538","","labeled happy-hour service hours","728"
"Boston","Gyu-Kaku Japanese BBQ  - Burlington, MA | The Village Mall","85 Middlesex Turnpike 3010, Burlington, 01803","4.7","378","Happy Hour: That Magical Time of Day","Mon, Tue, Wed, Thu 11:00–17:00","https://www.opentable.com/restaurant/profile/1214944","https://www.opentable.com/restaurant/profile/1214944","","labeled happy-hour service hours","729"
"Boston","Petit Robert Bistro Columbus Avenue","480 Columbus Avenue, Boston, 02118","4.6","2985","Happy-Hour at Petit Robert Bistro","Mon, Tue, Wed, Thu 15:00–18:00","https://www.opentable.com/restaurant/profile/20191","https://www.opentable.com/restaurant/profile/20191","","published offer prose","730"
"Boston","black & blue Steak and Crab - Burlington","400 District Avenue, Burlington, 01803","4.6","2726","Happy Hour Elevated","Mon, Tue, Wed, Thu, Fri 16:00–18:00","https://www.opentable.com/restaurant/profile/1014253","https://www.opentable.com/restaurant/profile/1014253","Available in the lounge only. Available in the bar seating specified by the restaurant.","published offer prose","731"
"Boston","Earls Kitchen + Bar -  Assembly Row","698 Assembly Row #102, Somerville, 02145","4.6","2094","Happy hour","Sat 11:00–12:00; Sun 10:00–12:00; Sun, Mon, Tue, Wed, Thu, Fri, Sat 15:00–18:00; Mon, Tue 21:00–23:00; Sun, Wed, Thu 21:00–00:00; Fri, Sat 21:00–01:00","https://www.opentable.com/restaurant/profile/254782","https://www.opentable.com/restaurant/profile/254782","","labeled happy-hour service hours","732"
"Boston","Gyu-Kaku Japanese BBQ - Cambridge, MA | Harvard Square","16-18 Eliot St., Cambridge, 02138","4.6","777","Happy Hour: That Magical Time of Day","Mon, Tue, Wed, Thu 11:00–17:00; Mon, Tue, Wed, Thu 20:30–22:00","https://www.opentable.com/restaurant/profile/169981","https://www.opentable.com/restaurant/profile/169981","","labeled happy-hour service hours","733"
"Boston","black & blue Steak and Crab - Wellesley","65 Central St, Wellesley, 02482","4.6","530","Happy Hour Elevated","Mon, Tue, Wed, Thu, Fri 16:00–18:00","https://www.opentable.com/restaurant/profile/1381651","https://www.opentable.com/restaurant/profile/1381651","Available in the lounge only. Available in the bar seating specified by the restaurant.","published offer prose","734"
"Boston","Row 34 - Kenmore Square | Boston","498 Commonwealth Avenue, Boston, 02215","4.6","219","Happy Hour at Row 34 Kenmore Square!","Mon, Tue, Wed, Thu, Fri 16:00–18:00; Sun, Sat 15:00–18:00","https://www.opentable.com/restaurant/profile/1402186","https://www.opentable.com/restaurant/profile/1402186","","multiple published offer windows","735"
"Boston","Earls Kitchen + Bar - Prudential Center","800 Boylston St, Boston, 02199","4.5","4299","Happy Hour","Mon, Tue, Wed, Thu, Fri 15:00–18:00","https://www.opentable.com/restaurant/profile/348997","https://www.opentable.com/restaurant/profile/348997","","published offer prose","736"
"Boston","The Banks Seafood and Steak","406 Stuart Street, Boston, 02116","4.5","1979","Caviar Happy Hour","Sun, Mon, Tue, Wed, Thu, Fri, Sat 15:00–18:00","https://www.opentable.com/restaurant/profile/35197","https://www.opentable.com/restaurant/profile/35197","","published offer prose","737"
"Boston","Eddie Merlot's Prime Aged Beef & Seafood - Boston","505 Congress St, Boston, 02210","4.5","1166","Happy hour","Mon, Tue, Wed, Thu 16:00–18:30","https://www.opentable.com/restaurant/profile/1101445","https://www.opentable.com/restaurant/profile/1101445","","labeled happy-hour service hours","738"
"Boston","Sally's Apizza - Woburn","300 Old Mishawum Rd ste 600, Woburn, 01801","4.5","575","Happy hour","Mon, Tue, Wed, Thu 15:00–18:00","https://www.opentable.com/restaurant/profile/1317697","https://www.opentable.com/restaurant/profile/1317697","","labeled happy-hour service hours","739"
